point_id,lon,lat,target,address
ommNZCUV,37.590776,55.84863000000001,-0.34815737860381524,"6А, Сигнальный проезд, район Отрадное, Москва, Центральный федеральный округ, 127106, Северо-Восточный административный округ"
nMe2LHPb,37.78421,55.750271,1.294206304946465,"38/18, 2-я Владимирская улица, Владимирский посёлок, район Перово, Москва, Центральный федеральный округ, 4А, Восточный административный округ"
ZgodVRqB,39.635721,47.21333,-1.0396789295723543,"18, улица Зорге, 10-й мкр, ЗЖМ, Советский район, Ростов-на-Дону, городской округ Ростов-на-Дону, Ростовская область, Южный федеральный округ, 344000, Россия"
0t2jNYdz,37.70457,55.78202,-1.1693392203789554,"Торговый центр ""Серебряный Дом"", 16, Большая Семёновская улица, Семёновское, Москва, Центральный федеральный округ, 105094, Восточный административный округ"
U27W4QJ7,37.643983,55.730188,-0.08883679699061309,"5, Кожевническая улица, Швивая горка, район Замоскворечье, Москва, Центральный административный округ, Москва, Центральный федеральный округ, 115280, Россия"
ci9r9Fr2,92.926002,56.06590799999999,-0.21849708779721416,"12, улица 9 Мая, Северный, 3-ий микрорайон, Советский район, Красноярск, городской округ Красноярск, Красноярский край, Сибирский федеральный округ, 660000, Россия"
O3tOF6uE,30.4685,59.9214,-1.0396789295723543,"Ледовый дворец, 1, проспект Пятилеток, округ Правобережный, Невский район, Санкт-Петербург, Северо-Западный федеральный округ, 193318, Россия"
CO76tdVs,37.444304,55.850511,0.21370388155812275,"Торгово-развлекательный центр ""Калейдоскоп"", 56, Сходненская улица, район Южное Тушино, Москва, Центральный федеральный округ, 125363, Северо-Западный административный округ"
GU0QclY1,92.903162,56.05029,-0.30493728166828155,"Планета, 77, улица 9 Мая, Взлётка, Советский район, Красноярск, городской округ Красноярск, Красноярский край, Сибирский федеральный округ, 660118, Россия"
CHtHXJLp,39.701709,47.234012,-0.13205689392614678,"90/133, Будённовский проспект, Рабочий городок, Октябрьский район, Ростов-на-Дону, городской округ Ростов-на-Дону, Ростовская область, Южный федеральный округ, 344012, Россия"
sgrEW5hG,39.716987,47.222272,-1.212559317314489,"63, Большая Садовая улица, Ленинский район, Ростов-на-Дону, городской округ Ростов-на-Дону, Ростовская область, Южный федеральный округ, 344007, Россия"
XPqFCntc,37.437191,55.66470500000001,-0.5642578632814836,"50, Озёрная улица, район Очаково-Матвеевское, Москва, Западный административный округ, Москва, Центральный федеральный округ, 119361, Россия"
1ZvdVY5t,55.993548,54.713414,-0.34815737860381524,"ТРК Иремель, 137, улица Менделеева, Зелёная Роща, Кировский район, Уфа, городской округ Уфа, Башкортостан, Приволжский федеральный округ, 450000, Россия"
zRh8HUje,49.118586,55.82957800000001,0.04082349381598799,"Respect, 46/33, проспект Ямашева, Кизическая слобода, Дружба, Ново-Савиновский район, Казань, городской округ Казань, Татарстан, Приволжский федеральный округ, 420124, Россия"
Nj7qV6KG,37.799786,55.793427,0.4730244631713249,"77 с2, Первомайская улица, район Измайлово, Москва, Центральный федеральный округ, 105554, Восточный административный округ"
E2fZAexI,37.40478,55.81024,-0.5642578632814836,"11 к1 с2, улица Маршала Катукова, район Строгино, Москва, Центральный федеральный округ, 123181, Северо-Западный административный округ"
9BqGtCOu,60.616914,56.848247,-0.17527699086168047,"74, улица Луначарского, Бажовский, Пионерский, Кировский район, Екатеринбург, городской округ Екатеринбург, Свердловская область, Уральский федеральный округ, 620083, Россия"
53eoFG4u,43.863684,56.228005,0.6459048509134596,"35, Южное шоссе, Автозаводский район, Нижний Новгород, городской округ Нижний Новгород, Нижегородская область, Приволжский федеральный округ, 603147, Россия"
ejjC2aU3,92.974951,56.014022,-0.4345975724748826,"56Д, проспект им. газеты Красноярский Рабочий, Каменный квартал, Ленинский район, Красноярск, городской округ Красноярск, Красноярский край, Сибирский федеральный округ, 660014, Россия"
e5ZywFU6,37.730449,55.706608,0.3865842693002575,"4 с1, Люблинская улица, район Текстильщики, Москва, Юго-Восточный административный округ, Москва, Центральный федеральный округ, 109390, Россия"
wQOQvE03,30.579832,59.735526,-1.1261191234434216,"Ижорский профессиональный политехнический лицей, 29/52, бульвар Трудящихся, Простоквашино, Колпино, Колпинский район, Санкт-Петербург, Северо-Западный федеральный округ, 196657, Россия"
wXDJYllD,37.597414,55.850995,0.6459048509134596,"Декатлон, 17, Сигнальный проезд, район Отрадное, Москва, Центральный федеральный округ, 127106, Северо-Восточный административный округ"
8GOlibor,30.348665000000004,59.832466,0.732345044784527,"ТРК «Континент», 97, улица Ленсовета, Средняя Рогатка, округ Звёздное, Московский район, Санкт-Петербург, Северо-Западный федеральный округ, 190000, Россия"
SJOpfpK9,82.87236800000002,54.981574,0.21370388155812275,"17, улица Станиславского, Ленинский район, Новосибирск, городской округ Новосибирск, Новосибирская область, Сибирский федеральный округ, 630000, Россия"
Fcqb4WDt,92.931228,56.004484,-0.17527699086168047,"Красноярье, 120, проспект им. газеты Красноярский Рабочий, Кировский район, Красноярск, городской округ Красноярск, Красноярский край, Сибирский федеральный округ, 660000, Россия"
B8K3Fzd0,39.7046,47.226000000000006,0.08404359075152168,"57, Будённовский проспект, Ленинский район, Ростов-на-Дону, городской округ Ростов-на-Дону, Ростовская область, Южный федеральный округ, 344008, Россия"
0BYKB88d,82.890947,54.984036,-0.3913774755393489,"Версаль, 3, площадь Карла Маркса, Горский микрорайон, Ленинский район, Новосибирск, городской округ Новосибирск, Новосибирская область, Сибирский федеральный округ, 630078, Россия"
tFr5ROxI,37.825155,55.724124,-0.4345975724748826,"Вешняки, 18, Вешняковская улица, район Вешняки, Москва, Центральный федеральный округ, 111538, Восточный административный округ"
kg8oDow1,37.628508,55.759601,-1.2557794142500227,"6/3 с1, Мясницкая улица, 7, Тверской район, Москва, Центральный административный округ, Москва, Центральный федеральный округ, 101000, Россия"
0eSE1PRt,37.491046,55.683744,-0.30493728166828155,"42, улица Удальцова, Проспект Вернадского, Москва, Западный административный округ, Москва, Центральный федеральный округ, 119454, Россия"
dFRJyrdz,37.595278,55.58303299999999,-0.0456167000550794,"Торгово-развлекательный центр «Галерея Атлантис», 160, Варшавское шоссе, Жилой комплекс «Синяя Птица», район Чертаново Южное, Москва, Южный административный округ, Москва, Центральный федеральный округ, 117405, Россия"
IVSpPooR,37.53876500000001,55.908623,-1.0396789295723543,"Торгово–развлекательный центр ""Рио"", 163А к1, Дмитровское шоссе, Северный, Москва, Центральный федеральный округ, 127495, Северо-Восточный административный округ"
ePTGtnXP,37.535637,55.691698,-0.34815737860381524,"23А с1, Ломоносовский проспект, Ленинские горы, Гагаринский район, Москва, Центральный федеральный округ, 119311, Юго-Западный административный округ"
XTKhDNze,37.659739,55.84520300000001,-1.1045090749756548,"Европолис, 211 к2, проспект Мира, Ярославский район, Москва, Центральный федеральный округ, 129327, Северо-Восточный административный округ"
saJNxolJ,37.40677,55.75784,-1.1693392203789554,"Матрица, 7 к1, Осенний бульвар, Крылатское, район Крылатское, Западный административный округ, Москва, Центральный федеральный округ, 121609, Россия"
kXV2cKsB,37.660087,55.843941,-0.4778176694104163,"Европолис, 211 к2, проспект Мира, Ярославский район, Москва, Центральный федеральный округ, 129327, Северо-Восточный административный округ"
Ge3rjnNS,37.436247,55.826377,0.3865842693002575,"9, проезд Стратонавтов, район Покровское-Стрешнево, Москва, Центральный федеральный округ, 125424, Северо-Западный административный округ"
Uep82ylV,37.637687,55.80745600000001,0.5162445601068586,"112, проспект Мира, Алексеевский район, Москва, Центральный федеральный округ, 129626, Северо-Восточный административный округ"
eqECPIIT,37.7381,55.815425,-0.30493728166828155,"1, 9 с1, Открытое шоссе, Черкизово, район Богородское, Москва, Центральный федеральный округ, 107143, Восточный административный округ"
jc6nGwVC,37.603394,55.609839,0.6459048509134596,"Пражский сельскохозяйственный минирынок, 15А, Кировоградская улица, район Чертаново Центральное, Москва, Южный административный округ, Москва, Центральный федеральный округ, 117519, Россия"
hmgU8ZxH,44.006516,56.326797,-0.52103776634595,"Памятник Минину, площадь Минина и Пожарского, Кремль, Нижегородский район, Нижний Новгород, городской округ Нижний Новгород, Нижегородская область, Приволжский федеральный округ, 603600, Россия"
FghElX6D,37.438987,55.849423,1.5535268865596672,"37, Сходненская улица, район Южное Тушино, Москва, Центральный федеральный округ, 125363, Северо-Западный административный округ"
UcFkrzvk,30.505551,59.831962,-0.30493728166828155,"ТК ""Парад"", 20, Прибрежная улица, Рыбацкое, округ Рыбацкое, Невский район, Санкт-Петербург, Северо-Западный федеральный округ, 190000, Россия"
cpG56rus,30.47281,59.91627,-1.0396789295723543,"Торговый центр, проспект Большевиков, Невский округ, Невский район, Санкт-Петербург, Северо-Западный федеральный округ, 190000, Россия"
FS7Ufln2,50.21569,53.239159,0.3865842693002575,"201, Ново-Вокзальная улица, Яблонька, Промышленный район, Самара, городской округ Самара, Самарская область, Приволжский федеральный округ, 443084, Россия"
7T3FujXu,39.67201,47.211275,0.8187852386555944,"22, проспект Стачки, Олимпиадовка, Железнодорожный район, Ростов-на-Дону, городской округ Ростов-на-Дону, Ростовская область, Южный федеральный округ, 344004, Россия"
tlkZpouQ,43.948288,56.321865,-0.13205689392614678,"4, площадь Революции, Канавинский район, Нижний Новгород, городской округ Нижний Новгород, Нижегородская область, Приволжский федеральный округ, 603002, Россия"
I0hubgK0,60.556457,56.806185,-0.6939181540880848,"12, улица Академика Бардина, Медгородок, Юго-Западный, Ленинский район, Екатеринбург, городской округ Екатеринбург, Свердловская область, Уральский федеральный округ, 620149, Россия"
Etvm4Few,37.63443400000001,55.82400500000001,-0.0456167000550794,"ВДНХ, 55, 1-я Останкинская улица, Жилой комплекс ""Посёлок космонавтов"", Останкинский район, Москва, Центральный федеральный округ, 129515, Северо-Восточный административный округ"
4kXXpr1r,30.08969,59.738702,-0.9532387357012868,"57, проспект Ленина, Скачки, Красное Село, Санкт-Петербург, Северо-Западный федеральный округ, 198320, Красносельский район"
p31ln7Rd,82.961589,55.039081,0.08404359075152168,"Сибирский Молл, 238, улица Фрунзе, Закаменский микрорайон, Дзержинский район, Новосибирск, городской округ Новосибирск, Новосибирская область, Сибирский федеральный округ, 630000, Россия"
lwTDMNbZ,37.765758,55.704134,0.6459048509134596,"40, Зеленодольская улица, Кузьминки, Москва, Юго-Восточный административный округ, Москва, Центральный федеральный округ, 109443, Россия"
jskwtTpg,37.62166,55.681346,-0.6939181540880848,"32 к1 с7, Варшавское шоссе, Нагорный, Нагорный район, Южный административный округ, Москва, Центральный федеральный округ, 115230, Россия"
9p3J8gPd,30.14391,59.849135,-1.212559317314489,"ТРЦ «Жемчужная Плаза», 51, Петергофское шоссе, Южно-Приморский округ, Санкт-Петербург, Северо-Западный федеральный округ, 190000, Красносельский район"
c5wVfiUF,37.679968,55.77293,1.8128474681728688,"4 с3, Бакунинская улица, Бауманка, Москва, Центральный административный округ, Москва, Центральный федеральный округ, 107082, Россия"
yyX5XM5Y,37.728164,55.691734,-0.34815737860381524,"ТЦ Сирень, 1/2 с4, Шоссейная улица, район Печатники, Москва, Юго-Восточный административный округ, Москва, Центральный федеральный округ, 109548, Россия"
ZfbQN6SL,37.646375,55.653255,-0.002396603119545705,"Торгово-развлекательный центр ""Москворечье"", 26, Каширское шоссе, район Нагатино-Садовники, Москва, Южный административный округ, Москва, Центральный федеральный округ, 115478, Россия"
mIGlDDq2,30.415815,59.953669,-0.7371382510236184,"16/27, Большая Пороховская улица, Большая Охта, округ Большая Охта, Санкт-Петербург, Красногвардейский район, Санкт-Петербург, Северо-Западный федеральный округ, 195176, Россия"
nh41SLK0,56.111306000000006,54.80681800000001,0.8620053355911281,"98, Первомайская улица, Черниковка, Калининский район, Уфа, городской округ Уфа, Башкортостан, Приволжский федеральный округ, 450038, Россия"
GLpUl6ku,49.219566,55.74568100000001,-0.08883679699061309,"34, улица Юлиуса Фучика, Горки-2, Приволжский район, Казань, городской округ Казань, Татарстан, Приволжский федеральный округ, 420139, Россия"
8NvqE4CJ,37.486227,55.839988,0.4730244631713249,"3 с3, Кронштадтский бульвар, Войковский район, Головинский район, Северный административный округ, Москва, Центральный федеральный округ, 125212, Россия"
6DLyJRJT,60.595022,56.834796,-1.1261191234434216,"16, улица Вайнера, Кольцо Екатерины, Вокзальный, Ленинский район, Екатеринбург, городской округ Екатеринбург, Свердловская область, Уральский федеральный округ, 620077, Россия"
Mk1D78ip,50.126074,53.187828,-1.1693392203789554,"133, Красноармейская улица, Шмидта, Железнодорожный район, Самара, городской округ Самара, Самарская область, Приволжский федеральный округ, 443028, Россия"
jvXZ5BfY,56.08017,54.772889,-0.4778176694104163,"27, улица Академика Королёва, Сипайлово, Октябрьский район, Уфа, городской округ Уфа, Башкортостан, Приволжский федеральный округ, 450000, Россия"
QUpF6MWF,30.481682,59.907082,0.6459048509134596,"Мегафон, проспект Большевиков, Невский округ, Невский район, Санкт-Петербург, Северо-Западный федеральный округ, 190000, Россия"
ZDyDKUmb,49.112998,55.779996,0.6459048509134596,"Мегафон, улица Татарстан, Старо-Татарская слобода, Вахитовский район, Казань, городской округ Казань, Татарстан, Приволжский федеральный округ, 420021, Россия"
4LvQzaA9,49.056271,55.819045,0.1920938330903559,"167, улица Фрунзе, Ягодная слобода, Кировский район, Казань, городской округ Казань, Татарстан, Приволжский федеральный округ, 420033, Россия"
3uG2b8Ye,50.263857,53.218848,2.634029309948009,"пос. Восточный, Кировский район, Самара, городской округ Самара, Самарская область, Приволжский федеральный округ, 443028, Россия"
NTjDKBtL,92.865583,56.009936,-0.30493728166828155,"129, улица Карла Маркса, Центральный район, Красноярск, городской округ Красноярск, Красноярский край, Сибирский федеральный округ, 660049, Россия"
3bqwQXqD,49.09329,55.821254,0.12726368768705534,"Тандем, 56, проспект Ибрагимова, Кизическая слобода, Козья слобода, Московский район, Казань, городской округ Казань, Татарстан, Приволжский федеральный округ, 420066, Россия"
cTNjjItI,29.957916,60.093366,0.7755651417200607,"2А, Дубковское шоссе, Курорт, Сестрорецк, Курортный район, Санкт-Петербург, Северо-Западный федеральный округ, 197706, Россия"
BSuZvUqW,30.348816,59.915002,0.8187852386555944,"ТРК «Лиговъ», 153, Лиговский проспект, Волково, округ Волковское, Фрунзенский район, Санкт-Петербург, Северо-Западный федеральный округ, 190000, Россия"
lkWtEXwO,37.493066,55.839565,1.0781058202687963,"Корпус Гамбург, 7, Головинское шоссе, Войковский район, Москва, Северный административный округ, Москва, Центральный федеральный округ, 125212, Россия"
zT71jR4g,37.599148,55.583953,1.3806464988175324,"143А, Варшавское шоссе, Жилой комплекс «Синяя Птица», район Чертаново Южное, Москва, Южный административный округ, Москва, Центральный федеральный округ, 117405, Россия"
VdNzagUv,37.678141,55.789394,1.2509862080109313,"4 к1, , Сокольники, район Сокольники, Москва, Центральный федеральный округ, 101113, Восточный административный округ"
v46TS3KT,30.309722,59.966484,1.1213259172043302,"Дворец культуры имени Ленсовета, 42, Каменноостровский проспект, Петроградская сторона, Петроградский район, Санкт-Петербург, Северо-Западный федеральный округ, 190000, Россия"
EYeTJlnp,37.653334,55.856351,0.04082349381598799,"Свиблово, 27, Снежная улица, Заповедный уголок, Свиблово, район Свиблово, Москва, Центральный федеральный округ, 129343, Северо-Восточный административный округ"
Sz1ye8MD,37.593725,55.752097,0.4298043662357912,"13, улица Новый Арбат, 36, район Арбат, Москва, Центральный административный округ, Москва, Центральный федеральный округ, 127025, Россия"
X7Sv7X4f,29.894139000000006,59.881795,0.6891249478489934,"60Ю, Санкт-Петербургский проспект, Петергоф, Санкт-Петербург, Северо-Западный федеральный округ, 190000, Петродворцовый район"
UT4p9zvj,37.659371,55.776859,-0.4345975724748826,"1, Краснопрудная улица, Красносельский район, Москва, Центральный административный округ, Москва, Центральный федеральный округ, 107140, Россия"
2UlFF5pG,60.61326700000001,56.899749,-0.6939181540880848,"41, проспект Космонавтов, Эльмаш, Орджоникидзевский район, Екатеринбург, городской округ Екатеринбург, Свердловская область, Уральский федеральный округ, 620135, Россия"
P2LhIYVH,50.123711,53.192857,0.9916656263977291,"ЦУМ ""Самара"", 138, Вилоновская улица, Ленинский район, Железнодорожный район, Самара, городской округ Самара, Самарская область, Приволжский федеральный округ, 443028, Россия"
2cU1Z8KM,92.798215,56.02265,-0.4345975724748826,"Торговый Квартал на Свободном, 1 с90, Телевизорная улица, Николаевка, Октябрьский район, Железнодорожный район, Красноярск, городской округ Красноярск, Красноярский край, Сибирский федеральный округ, 660000, Россия"
AnEwYKsf,60.636812,56.838125,-0.6939181540880848,"122, улица Малышева, Бажовский, Втузгородок, Кировский район, Екатеринбург, городской округ Екатеринбург, Свердловская область, Уральский федеральный округ, 620062, Россия"
ibdAzVc5,30.387133,59.84902,-0.34815737860381524,"18 к1, улица Димитрова, Купчино, Георгиевский округ, Фрунзенский район, Санкт-Петербург, Северо-Западный федеральный округ, 190000, Россия"
CCoMeGSq,60.56259300000001,56.816823,-0.3913774755393489,"28, Белореченская улица, Медгородок, Юго-Западный, Верх-Исетский район, Екатеринбург, городской округ Екатеринбург, Свердловская область, Уральский федеральный округ, 620102, Россия"
rhifIvhc,37.366207,55.644661,1.034885723333263,"Ашан, 27, Боровское шоссе, район Ново-Переделкино, Москва, Западный административный округ, Москва, Центральный федеральный округ, 119633, Россия"
n59CZdDP,37.579529,55.80754200000001,-0.34815737860381524,"97, Бутырская улица, Савёловский район, Москва, Северный административный округ, Москва, Центральный федеральный округ, 127015, Россия"
aWMomlO7,49.118586,55.82957800000001,0.34336417236472383,"Respect, 46/33, проспект Ямашева, Кизическая слобода, Дружба, Ново-Савиновский район, Казань, городской округ Казань, Татарстан, Приволжский федеральный округ, 420124, Россия"
DcWDQ5JC,37.515103,55.805803,0.5594646570423922,"Метромаркет, 76А, Ленинградский проспект, посёлок Сокол, район Сокол, Москва, Северный административный округ, Москва, Центральный федеральный округ, 119049, Россия"
ny5swWUO,49.186229,55.803373,-0.4345975724748826,"1, улица Академика Губкина, Октябрьский городок, Царицыно, Советский район, Казань, городской округ Казань, Татарстан, Приволжский федеральный округ, 420061, Россия"
s8LhdRDp,37.723067,55.782563,-0.26171718473274785,"3, Щербаковская улица, Благуша, район Соколиная Гора, Москва, Центральный федеральный округ, 105318, Восточный административный округ"
Tw1Svbiw,49.080358,55.834436,-0.08883679699061309,"187/42, улица Декабристов, Кизическая слобода, Соцгород, Московский район, Казань, городской округ Казань, Татарстан, Приволжский федеральный округ, 420039, Россия"
49RGSbXb,39.762138,47.232181,0.3001440754291901,"17В, площадь Карла Маркса, Красный Аксай, Нахичевань, Пролетарский район, Ростов-на-Дону, городской округ Ростов-на-Дону, Ростовская область, Южный федеральный округ, 344037, Россия"
kcPx2crY,56.075499,54.81708,-1.212559317314489,"26, Первомайская улица, Черниковка, Орджоникидзевский район, Уфа, городской округ Уфа, Башкортостан, Приволжский федеральный округ, 450000, Россия"
BpoVvgKO,37.46445,55.80951,-0.650698057152551,"Торгово-развлекательный комплекс ""Щука"", 42, Щукинская улица, район Щукино, Москва, Центральный федеральный округ, 123182, Северо-Западный административный округ"
QX4SAYI9,30.247937,59.858688,-1.234169365782256,"Lego, 99, проспект Стачек, округ Красненькая речка, Санкт-Петербург, Северо-Западный федеральный округ, 190000, Россия"
5UKRuSA9,37.576824,55.838028,2.850129794625678,"Парус, 4, Локомотивный проезд, Нижние Лихоборы, Москва, Северный административный округ, Москва, Центральный федеральный округ, 127238, Россия"
vC4Bp1jb,30.261134,59.86786800000001,-0.6074779602170174,"90, проспект Стачек, Автово, Кировский район, Санкт-Петербург, округ Автово, Санкт-Петербург, Северо-Западный федеральный округ, 190000, Россия"
5jpPGoo6,37.517761,55.524437,-0.5858679117492506,"Торгово-развлекательный центр ""Бутово Молл"", 51, Чечёрский проезд, район Южное Бутово, Москва, поселение Воскресенское, Москва, Центральный федеральный округ, 117041, Россия"
bW2iNSMp,82.934565,55.105544,0.3865842693002575,"Лента, 29, улица Мясниковой, Калининский район, Новосибирск, городской округ Новосибирск, Новосибирская область, Сибирский федеральный округ, 630000, Россия"
xyt6yjVS,30.321087,60.01664,-0.8667985418302195,"4, Енотаевская улица, Удельная, округ Светлановское, Санкт-Петербург, Северо-Западный федеральный округ, 194017, Выборгский район"
2jNsxoXl,37.52512700000001,55.64366800000001,-0.3913774755393489,"104/47, Профсоюзная улица, Беляево-Богородское, район Коньково, Москва, Центральный федеральный округ, 117437, Юго-Западный административный округ"
Ccqm3lC6,50.262682,53.220259,3.1094503762388803,"Вива Лэнд, 147, проспект Кирова, пос. Восточный, Промышленный район, Самара, городской округ Самара, Самарская область, Приволжский федеральный округ, 443028, Россия"
CyYLUxCj,30.298369,59.906747,-0.7803583479591522,"Балтийский вокзал, 120 литБ, набережная Обводного канала, округ Измайловское, Адмиралтейский район, Санкт-Петербург, Северо-Западный федеральный округ, 190000, Россия"
Bq2RhWh4,43.866774,56.348392,-0.6074779602170174,"2, улица Павла Мочалова, Сормовский район, Нижний Новгород, городской округ Нижний Новгород, Нижегородская область, Приволжский федеральный округ, 603003, Россия"
9RYHfP3m,37.38073,55.766712,-0.4778176694104163,"ЕвроПарк, 62, Рублёвское шоссе, Крылатское, район Крылатское, Западный административный округ, Москва, Центральный федеральный округ, 121500, Россия"
9RIuAGT0,92.973036,56.053322,0.7755651417200607,"Дворец культуры и спорта металлургов, 30, улица Тельмана, Зеленая роща, 6-ой Микрорайон, Советский район, Красноярск, городской округ Красноярск, Красноярский край, Сибирский федеральный округ, 660111, Россия"
5WiIuenb,37.625792,55.726877,0.5810747055101592,"17 с1, Большая Серпуховская улица, район Замоскворечье, Даниловский район, Центральный административный округ, Москва, Центральный федеральный округ, 115093, Россия"
UvSdh5eX,30.354624,59.852172,-0.34815737860381524,"42, проспект Космонавтов, округ Гагаринское, Московский район, Санкт-Петербург, Северо-Западный федеральный округ, 190000, Россия"
0yC9gVuF,37.795349,55.759304,-1.082899026507888,"Дочки-сыночки, 11/36 с1, Новогиреевская улица, Владимирский посёлок, Москва, Центральный федеральный округ, 111397, Восточный административный округ"
5RDhXAew,37.589706,55.749205,-0.26171718473274785,"32, улица Арбат, 36, район Арбат, Москва, Центральный административный округ, Москва, Центральный федеральный округ, 119002, Россия"
GT8iSIX9,39.62951500000001,47.208802,0.3001440754291901,"Перекрёсток, 32, Коммунистический проспект, 9-й мкр, ЗЖМ, Советский район, Ростов-на-Дону, городской округ Ростов-на-Дону, Ростовская область, Южный федеральный округ, 344091, Россия"
WOc5pt6d,30.24412,60.022004,0.06243354228375483,"33 к3, Комендантский проспект, округ Юнтолово, Санкт-Петербург, Северо-Западный федеральный округ, 197371, Приморский район"
nGW7MYJ2,49.14667,55.82634,-0.34815737860381524,"91, проспект Ямашева, Молодёжно-жилищный комплекс, Брикетный, Ново-Савиновский район, Казань, городской округ Казань, Татарстан, Приволжский федеральный округ, 421001, Россия"
eAjJXePD,55.881095,54.790184,0.8620053355911281,"Детский сад № 18, улица Ирендык, Затон, Ленинский район, Уфа, городской округ Уфа, Башкортостан, Приволжский федеральный округ, 450000, Россия"
xG1TJsxS,30.349039,59.94257800000001,0.12726368768705534,"24/27/14, Литейный проспект, Литейный округ, Центральный район, Санкт-Петербург, Северо-Западный федеральный округ, 190000, Россия"
BS42UrdB,37.601719,55.61170300000001,0.25692397849365645,"2, улица Красного Маяка, район Чертаново Центральное, Москва, Южный административный округ, Москва, Центральный федеральный округ, 117519, Россия"
myPybSTm,50.18180200000001,53.212513,-0.34815737860381524,"ТЦ Русь на Волге, 15Б, Московское шоссе, Октябрьский район, Самара, городской округ Самара, Самарская область, Приволжский федеральный округ, 443080, Россия"
dv6A4N9j,37.41172,55.647053,2.2450484375282063,"Столица, 21, Солнцевский проспект, Солнцево, район Солнцево, Западный административный округ, Москва, Центральный федеральный округ, 119620, Россия"
PlRVd2q7,30.349681,59.832909,-1.1693392203789554,"86, улица Ленсовета, Средняя Рогатка, округ Звёздное, Московский район, Санкт-Петербург, Северо-Западный федеральный округ, 190000, Россия"
K3gR6qAk,49.233274,55.763478000000006,-1.082899026507888,"Дочки-сыночки, 90, улица Юлиуса Фучика, Азино-2, Советский район, Казань, городской округ Казань, Татарстан, Приволжский федеральный округ, 420140, Россия"
n7SOrDDm,82.92201700000003,55.04399300000001,0.21370388155812275,"ТРЦ Галерея Новосибирск, 13, улица Гоголя, Центральный район, Новосибирск, городской округ Новосибирск, Новосибирская область, Сибирский федеральный округ, 630000, Россия"
Z3zfHcbJ,60.505569,56.823455,-0.6074779602170174,"87, улица Металлургов, Янтарная Долина, Коллективный сад ""Запад"", Верх-Исетский район, Екатеринбург, городской округ Екатеринбург, Свердловская область, Уральский федеральный округ, 620043, Россия"
gJTsNAnJ,30.379346,59.870262,-1.0396789295723543,"ТРК «Международный», 3, улица Белы Куна, округ Волковское, Фрунзенский район, Санкт-Петербург, Северо-Западный федеральный округ, 190000, Россия"
kMeJWHoE,37.67892,55.78856999999999,-0.4778176694104163,"31, Русаковская улица, Сокольники, район Сокольники, Москва, Центральный федеральный округ, 101113, Восточный административный округ"
jHHBbyj3,30.320997,59.92681999999999,-0.30493728166828155,"ТК Пик, 2, улица Ефимова, Сенной округ, Адмиралтейский район, Санкт-Петербург, Северо-Западный федеральный округ, 190031, Россия"
Up3Qbuvy,37.474799,55.72790500000001,0.5162445601068586,"Торгово-развлекательный центр ""Океания"", 57, Кутузовский проспект, Давыдково, район Фили-Давыдково, Москва, Западный административный округ, Москва, Центральный федеральный округ, 121352, Россия"
zqxBvgo3,37.602418,55.689662,0.4730244631713249,"РИО, 1, Большая Черёмушкинская улица, Канатчиково, Москва, Центральный федеральный округ, 117447, Юго-Западный административный округ"
omENfbNH,37.305857,55.485758,0.8620053355911281,"Академическая площадь, микрорайон В, Троицк, Троицкий административный округ, Москва, Центральный федеральный округ, 108841, Россия"
ALeY6VVA,39.710881,47.249843,-0.17527699086168047,"Мегафон, проспект Ленина, Трамвайщик, Рабочий городок, Октябрьский район, Ростов-на-Дону, городской округ Ростов-на-Дону, Ростовская область, Южный федеральный округ, 344018, Россия"
2CRYkkg6,30.315542,60.016896,-0.5642578632814836,"19, Удельный проспект, Удельная, округ Светлановское, Санкт-Петербург, Северо-Западный федеральный округ, 190000, Выборгский район"
ujHS8P2G,43.821958,56.365498,-0.650698057152551,"5, проспект Кораблестроителей, 6-й микрорайон, Сормовский район, Нижний Новгород, городской округ Нижний Новгород, Нижегородская область, Приволжский федеральный округ, 603128, Россия"
du4QcmQO,37.61114,55.72961,-0.52103776634595,"Варшава, 2, Ленинский проспект, 27, район Якиманка, Москва, Центральный административный округ, Москва, Центральный федеральный округ, 117049, Россия"
bBxa5jY2,50.148747,53.217111,-0.4778176694104163,"106, Ново-Садовая улица, Октябрьский район, Самара, городской округ Самара, Самарская область, Приволжский федеральный округ, 443028, Россия"
A2xt33Am,39.717178,47.281294,-0.6939181540880848,"Вавилония, 2 к2, проспект Космонавтов, СЖМ, Ворошиловский район, Ростов-на-Дону, городской округ Ростов-на-Дону, Ростовская область, Южный федеральный округ, ЦЕНТРАЛЬНЫЙ СЪЕЗД В ПАРК ДРУЖБЫ, Россия"
xN7TAdHL,82.93639399999998,55.066218000000006,-0.650698057152551,"4, улица Богдана Хмельницкого, Калининский район, Новосибирск, городской округ Новосибирск, Новосибирская область, Сибирский федеральный округ, 630000, Россия"
qbrgrMBr,49.149344,55.784486,-1.1261191234434216,"14, улица Вишневского, Калуга, Вахитовский район, Казань, городской округ Казань, Татарстан, Приволжский федеральный округ, 420024, Россия"
VVoIWaCa,82.90992800000002,54.936865,-0.9964588326368206,"Сибирь, 7, улица Громова, Берёзки, Затулинский жилмассив, Кировский район, Новосибирск, городской округ Новосибирск, Новосибирская область, Сибирский федеральный округ, 630000, Россия"
sMvuaVtL,50.22169,53.24867,0.9484455294621956,"183, Московское шоссе, Яблонька, Промышленный район, Самара, городской округ Самара, Самарская область, Приволжский федеральный округ, 443087, Россия"
XFkAf5M7,37.492272,55.793785,0.732345044784527,"17, улица Маршала Бирюзова, посёлок Сокол, район Щукино, Москва, Центральный федеральный округ, 123060, Северо-Западный административный округ"
sZIU9J2S,82.896969,54.980785,-0.8235784448946858,"САН СИТИ, 7, площадь Карла Маркса, Горский микрорайон, Ленинский район, Новосибирск, городской округ Новосибирск, Новосибирская область, Сибирский федеральный округ, 630048, Россия"
ck6UZCBf,37.765282,55.677014,0.8620053355911281,"51 к2, Краснодарская улица, район Люблино, Москва, Юго-Восточный административный округ, Москва, Центральный федеральный округ, 101 000, Россия"
mj6Q5LGP,30.145125,59.835831000000006,-0.3913774755393489,"141 к1, проспект Ветеранов, Сосновая Поляна, округ Сосновая поляна, Санкт-Петербург, Северо-Западный федеральный округ, 190000, Красносельский район"
SXJSzE6M,39.690447,47.260108,0.3001440754291901,"78 к3, улица Немировича-Данченко, Новый город, Октябрьский район, Ростов-на-Дону, городской округ Ростов-на-Дону, Ростовская область, Южный федеральный округ, 344079, Россия"
NlhU5eaH,30.322345,59.84855200000001,0.25692397849365645,"216, Московский проспект, Средняя Рогатка, округ Звёздное, Московский район, Санкт-Петербург, Северо-Западный федеральный округ, 190000, Россия"
5LuJwOiM,30.400448,60.01090600000001,-0.26171718473274785,"Торговый двор, 21, проспект Науки, округ Гражданка, Калининский район, Санкт-Петербург, Северо-Западный федеральный округ, 195220, Россия"
oVyZAtf8,82.853025,54.96611600000001,-0.3265473301360484,"ТРЦ «Континент», 130А, Троллейная улица, Украина, Ленинский район, Новосибирск, городской округ Новосибирск, Новосибирская область, Сибирский федеральный округ, 630107, Россия"
Zg57ss59,49.192958,55.744566000000006,-0.5642578632814836,"Сити Центр, 45, улица Хусаина Мавлютова, Горки-1, Приволжский район, Казань, городской округ Казань, Татарстан, Приволжский федеральный округ, 420101, Россия"
c0UVFgm4,37.608376,55.640498,-0.7371382510236184,"Торговый центр ""Штаер"", 5А, Балаклавский проспект, район Чертаново Северное, Нагорный район, Южный административный округ, Москва, Центральный федеральный округ, 117452, Россия"
y3wFGx0E,49.093419,55.821846,-0.650698057152551,"Тандем, 56, проспект Ибрагимова, Кизическая слобода, Козья слобода, Московский район, Казань, городской округ Казань, Татарстан, Приволжский федеральный округ, 420066, Россия"
cmCo8uJn,82.897109,54.98322,-0.650698057152551,"29, улица Ватутина, Горский микрорайон, Ленинский район, Новосибирск, городской округ Новосибирск, Новосибирская область, Сибирский федеральный округ, 630000, Россия"
w8zOhAG6,30.410413,59.92854300000001,-0.8235784448946858,"Цветы, Заневский проспект, Малая Охта, округ Малая Охта, Санкт-Петербург, Красногвардейский район, Санкт-Петербург, Северо-Западный федеральный округ, 190000, Россия"
6Ujlr2LT,37.599224,55.594651,-0.4345975724748826,"Торговый центр ""Сомбреро"", 152А, Варшавское шоссе, район Чертаново Южное, Москва, Южный административный округ, Москва, Центральный федеральный округ, 117534, Россия"
NF33CYqv,92.855412,56.014191,-0.8667985418302195,"Квант, 10, улица Красной Армии, Центральный район, Красноярск, городской округ Красноярск, Красноярский край, Сибирский федеральный округ, 660017, Россия"
nFBsJ5k3,55.958351,54.736872,-0.34815737860381524,"Центральный рынок, 97, улица Цюрупы, Зелёная Роща, Советский район, Уфа, городской округ Уфа, Башкортостан, Приволжский федеральный округ, 450000, Россия"
vohBRdK6,44.027034,56.319444,-0.8235784448946858,"ТЦ «Шоколад», 124, улица Белинского, Советский район, Нижний Новгород, городской округ Нижний Новгород, Нижегородская область, Приволжский федеральный округ, 603024, Россия"
jyqrl6X7,37.577366,55.81933100000001,0.21370388155812275,"ООО ""Фриз-Маркет"", 21 с3, улица Яблочкова, Бутырский район, Москва, Центральный федеральный округ, 127322, Северо-Восточный административный округ"
tkDyf0LP,50.173675,53.14038000000001,1.5967469834952008,"Амбар, 5, Южное шоссе, Яицкое, Совхоз Кряж, Самара, городской округ Самара, Самарская область, Приволжский федеральный округ, 443085, Россия"
HccXdHMK,92.907574,56.032916,0.17048378462258906,"17, Аэровокзальная улица, Взлётка, 7-ой микрорайон, Взлётка, Советский район, Красноярск, городской округ Красноярск, Красноярский край, Сибирский федеральный округ, 660000, Россия"
3Ix3aKz2,37.605122,55.864849,-0.8235784448946858,"Байконур, 17, улица Декабристов, район Отрадное, Москва, Центральный федеральный округ, 127560, Северо-Восточный административный округ"
xiF41hyd,30.256958,59.989944,0.4730244631713249,"2, 7 литВ, Торфяная дорога, округ Озеро Долгое, Санкт-Петербург, Северо-Западный федеральный округ, 190000, Приморский район"
t0UxAofh,43.92821,56.28733199999999,-0.002396603119545705,"Муравей, 33, проспект Ленина, Ленинский район, Нижний Новгород, городской округ Нижний Новгород, Нижегородская область, Приволжский федеральный округ, 603076, Россия"
hufqRDv4,30.395038,60.013018,0.3001440754291901,"19 к2, проспект Науки, Гражданка, округ Академическое, Калининский район, Санкт-Петербург, Северо-Западный федеральный округ, 195220, Россия"
V0ApRZJb,30.296672,60.003612,1.3806464988175324,"Евросеть, проспект Испытателей, Комендантский аэродром, округ Комендантский аэродром, Санкт-Петербург, Северо-Западный федеральный округ, 190000, Приморский район"
y7s9SVJ9,92.904517,56.051203,-0.650698057152551,"Планета, 77, улица 9 Мая, Взлётка, Советский район, Красноярск, городской округ Красноярск, Красноярский край, Сибирский федеральный округ, 660118, Россия"
jEMylCQY,82.961076,55.104069,-0.4345975724748826,"Голден Парк, 1, улица Курчатова, Снегири, Калининский район, Новосибирск, городской округ Новосибирск, Новосибирская область, Сибирский федеральный округ, 630129, Россия"
TgeoTj5W,30.437617,59.933032,-0.17527699086168047,"Ив Роше, 67 к2, Заневский проспект, Яблоновка, округ Малая Охта, Санкт-Петербург, Красногвардейский район, Санкт-Петербург, Северо-Западный федеральный округ, 190000, Россия"
oVuxDTxV,37.749337,55.788125,-0.6074779602170174,"69Б, Измайловское шоссе, район Измайлово, Москва, Центральный федеральный округ, 105613, Восточный административный округ"
LwZsJ4Cy,50.190391,53.191808,0.9052254325266618,"92А, улица Авроры, 5-й Поселок Киркомбината, Советский район, Самара, городской округ Самара, Самарская область, Приволжский федеральный округ, 443028, Россия"
P9mGf44m,92.913763,56.042136,-0.34815737860381524,"Командор, 12, улица 78-й Добровольческой Бригады, Взлётка, 3-ий микрорайон, Взлётка, Советский район, Красноярск, городской округ Красноярск, Красноярский край, Сибирский федеральный округ, 660077, Россия"
5Hm5PVsi,37.618848,55.80346899999999,0.08404359075152168,"Торговый центр ""Капитолий"", 20, Шереметьевская улица, район Марьина Роща, Москва, Центральный федеральный округ, 127521, Северо-Восточный административный округ"
AG9avE8M,43.951477,56.235105,-0.34815737860381524,"Ив Роше, 105А, проспект Гагарина, микрорайон Щербинки 2, Приокский район, Нижний Новгород, городской округ Нижний Новгород, Нижегородская область, Приволжский федеральный округ, 603107, Россия"
ib3vdw9y,60.611964,56.807141,1.4670866926885997,"Торговый центр Мегаполис, 149, улица 8 Марта, Das Haus, Автовокзал, Чкаловский район, Екатеринбург, городской округ Екатеринбург, Свердловская область, Уральский федеральный округ, 620130, Россия"
PSh4SCru,60.605429,56.857019,-0.6939181540880848,"Екатерининский Парк, Вокзальный, Железнодорожный район, Екатеринбург, городской округ Екатеринбург, Свердловская область, Уральский федеральный округ, 620047, Россия"
YscCLNMq,49.187244,55.75346800000001,-0.002396603119545705,"16, улица Хусаина Мавлютова, Танкодром, Горки-1, Приволжский район, Казань, городской округ Казань, Татарстан, Приволжский федеральный округ, 420101, Россия"
LxMbcr8a,30.317729,59.91588100000001,0.4298043662357912,"2, 1-я Красноармейская улица, округ Измайловское, Адмиралтейский район, Санкт-Петербург, Северо-Западный федеральный округ, 190000, Россия"
P96LMIRr,44.076675,56.306448,-0.34815737860381524,"Фантастика, 187В, улица Родионова, Нижегородский район, Нижний Новгород, городской округ Нижний Новгород, Нижегородская область, Приволжский федеральный округ, 603126, Россия"
yQpPc4NY,50.305359,53.325718,0.34336417236472383,"Decathlon, 5, Е-Ж, Крутые ключи, Красноглинский район, Самара, городской округ Самара, Самарская область, Приволжский федеральный округ, 443028, Россия"
bwIuFswf,55.947783,54.725857,-0.52103776634595,"26, улица Ленина, Нижегородка, Ленинский район, Уфа, городской округ Уфа, Башкортостан, Приволжский федеральный округ, 450000, Россия"
ueXw8anZ,37.478132,55.854933,3.0662302793033462,"Торгово-развлекательный центр ""Речной"", 2Б, Фестивальная улица, район Левобережный, Москва, Северный административный округ, Москва, Центральный федеральный округ, 125195, Россия"
b00YAzxr,37.481371,55.663201,3.3255508609165485,"Avenue Southwest, 86А, проспект Вернадского, Тропарёво, Москва, Западный административный округ, Москва, Центральный федеральный округ, 117571, Россия"
uewNqxcJ,30.482577000000006,59.908258,-1.1693392203789554,"ТК «Невский», 18, проспект Большевиков, округ Оккервиль, Невский район, Санкт-Петербург, Северо-Западный федеральный округ, 190000, Россия"
rkhUhnnc,30.622015,59.73877099999999,-0.650698057152551,"Торговый центр «Ока», 8, Октябрьская улица, Простоквашино, Колпино, Колпинский район, Санкт-Петербург, Северо-Западный федеральный округ, 196655, Россия"
y5XqCNW4,92.854072,55.977808,-0.17527699086168047,"45, улица 60 лет Октября, Пашенный, Свердловский район, Красноярск, городской округ Красноярск, Красноярский край, Сибирский федеральный округ, 660000, Россия"
ZopCnYnF,49.231841,55.755079,0.8187852386555944,"72А, улица Юлиуса Фучика, Горки-2, Приволжский район, Казань, городской округ Казань, Татарстан, Приволжский федеральный округ, 420141, Россия"
uReBoRP9,37.656393,55.636821,-0.3913774755393489,"23, Пролетарский проспект, район Царицыно, Москва, Южный административный округ, Москва, Центральный федеральный округ, 115447, Россия"
tbmL4C5J,37.602891,55.765829,-0.21849708779721416,"19А, Тверская улица, 49, Тверской район, Москва, Центральный административный округ, Москва, Центральный федеральный округ, 125009, Россия"
J4kyyZ66,60.701356,56.754564,-0.9100186387657532,"21, улица Грибоедова, Химмаш, Чкаловский район, Екатеринбург, городской округ Екатеринбург, Свердловская область, Уральский федеральный округ, 620010, Россия"
6oJCNSPc,43.956056,56.338797,-0.1968870393294473,"1, улица Бетанкура, Канавинский район, Нижний Новгород, городской округ Нижний Новгород, Нижегородская область, Приволжский федеральный округ, 603159, Россия"
uFWtwbd5,39.713683,47.249262,0.3001440754291901,"101/22, проспект Ленина, Трамвайщик, Дачный, Октябрьский район, Ростов-на-Дону, городской округ Ростов-на-Дону, Ростовская область, Южный федеральный округ, 344038, Россия"
VtQVSJDn,37.767349,55.705907,1.034885723333263,"МТС, Зеленодольская улица, Кузьминки, Москва, Юго-Восточный административный округ, Москва, Центральный федеральный округ, 109443, Россия"
zynEGrYK,82.914099,55.059654,1.294206304946465,"188, Красный проспект, Заельцовский район, Новосибирск, городской округ Новосибирск, Новосибирская область, Сибирский федеральный округ, 630049, Россия"
padKVxZ1,82.905185,54.989033,1.164546014139864,"ТЦ Метро, 37/2, проспект Карла Маркса, Горский микрорайон, Ленинский район, Новосибирск, городской округ Новосибирск, Новосибирская область, Сибирский федеральный округ, 630000, Россия"
hHKAMvaG,30.369312,60.008665,-0.26171718473274785,"28, Политехническая улица, Сосновка, округ Светлановское, Санкт-Петербург, Северо-Западный федеральный округ, 190000, Выборгский район"
9vpi0zuV,93.023803,55.997114,-0.4778176694104163,"Сибирский городок, 57, улица Говорова, Энергетиков, Ленинский район, Красноярск, городской округ Красноярск, Красноярский край, Сибирский федеральный округ, 660013, Россия"
A4nv1Vap,49.100728,55.860342,0.21370388155812275,"33А, улица Дементьева, Авиастроительный район, Казань, городской округ Казань, Татарстан, Приволжский федеральный округ, 420127, Россия"
aooa1N95,50.238669,53.251547,0.04082349381598799,"7, улица Георгия Димитрова, Яблонька, Кировский район, Самара, городской округ Самара, Самарская область, Приволжский федеральный округ, 443095, Россия"
cI5aMfP5,37.174766,55.981852,-0.06722674852284624,"с7, Крюковская площадь, ЦИЭ, Зеленоград, Москва, Центральный федеральный округ, 124681, Россия"
Z3IaIqhp,60.613168,56.769296,0.04082349381598799,"6, Санаторная улица, Дом у пруда, Вторчермет, Чкаловский район, Екатеринбург, городской округ Екатеринбург, Свердловская область, Уральский федеральный округ, 620085, Россия"
4nCrGS4K,30.443873,59.87619300000001,-0.08883679699061309,"73, улица Бабушкина, Щемиловка, Невский район, Санкт-Петербург, Северо-Западный федеральный округ, 190000, Россия"
TPU9VeHE,56.05836899999999,54.771233,-1.3638296565888568,"Простор, 29, улица Маршала Жукова, Сипайлово, Октябрьский район, Уфа, городской округ Уфа, Башкортостан, Приволжский федеральный округ, 450000, Россия"
Ha4y1r9O,30.355111,59.957185,-0.002396603119545705,"8/8, площадь Ленина, Финляндский округ, Калининский район, Санкт-Петербург, Северо-Западный федеральный округ, 190000, Россия"
iL9SqqPf,56.12386400000001,54.779754,-0.7803583479591522,"22 к1, бульвар Баландина, Инорс, Калининский район, Уфа, городской округ Уфа, Башкортостан, Приволжский федеральный округ, 450039, Россия"
XRbToMaK,50.27099000000001,53.275607,0.9484455294621956,"25А, Московское (18 км) шоссе, 18-й км, Кировский район, Самара, городской округ Самара, Самарская область, Приволжский федеральный округ, 443072, Россия"
1QF1l1v9,37.642141,55.704974,0.3865842693002575,"Ривьера, 18, Автозаводская улица, Даниловский, Даниловский район, Южный административный округ, Москва, Центральный федеральный округ, 115280, Россия"
hhQwsdq2,82.952805,55.013374,1.164546014139864,"113В, улица Кирова, Октябрьский район, Новосибирск, городской округ Новосибирск, Новосибирская область, Сибирский федеральный округ, 630000, Россия"
3JMyNJ5Q,30.297659000000003,59.98641600000001,-0.30493728166828155,"ТЦ «Чёрная речка», 7, улица Савушкина, Новая Деревня, округ Чёрная речка, Санкт-Петербург, Северо-Западный федеральный округ, 190000, Приморский район"
DvEZb53r,30.610533,59.74071,-1.212559317314489,"36/9, Тверская улица, Простоквашино, Колпино, Колпинский район, Санкт-Петербург, Северо-Западный федеральный округ, 196655, Россия"
95UFIIsM,37.70708,55.747424,-0.0456167000550794,"Город Лефортово, Шепелюгинский переулок, Квартал Свобода, район Лефортово, Москва, Юго-Восточный административный округ, Москва, Центральный федеральный округ, 111024, Россия"
O1UQUy36,39.713982,47.294783,-0.17527699086168047,"рынок Квадро, площадь Королёва, СЖМ, Ворошиловский район, Ростов-на-Дону, городской округ Ростов-на-Дону, Ростовская область, Южный федеральный округ, 344113, Россия"
zg9Rqx6j,37.78377800000001,55.751043,0.5162445601068586,"36, 2-я Владимирская улица, Владимирский посёлок, район Перово, Москва, Центральный федеральный округ, 111123, Восточный административный округ"
b3PCdEll,50.2764,53.233532,2.5043690191414085,"улица Марии Авейде, пос. Восточный, Кировский район, Самара, городской округ Самара, Самарская область, Приволжский федеральный округ, 443051, Россия"
59UjpU7q,37.823358,55.82249300000001,0.8187852386555944,"Манго, 15, Хабаровская улица, район Гольяново, Москва, Центральный федеральный округ, 107589, Восточный административный округ"
CEBFrSa4,50.0882,53.1224,5.7026561923709025,"Кряж, Куйбышевский район, Самара, городской округ Самара, Самарская область, Приволжский федеральный округ, 443028, Россия"
OHty6LJP,37.543246,55.547845,0.732345044784527,"Витте Молл, 6, Венёвская улица, Гавриково, Москва, Центральный федеральный округ, 117041, Юго-Западный административный округ"
9F0eikRX,37.605029,55.883288,0.21370388155812275,"МегаФон, Бибиревская улица, Бибирево, Москва, Центральный федеральный округ, 127549, Северо-Восточный административный округ"
3mtxtQsE,49.179869,55.766359,-0.8235784448946858,"25, Даурская улица, Танкодром, Дальний, Советский район, Казань, городской округ Казань, Татарстан, Приволжский федеральный округ, 420087, Россия"
cj6KcHW8,55.99405600000001,54.69799,-0.002396603119545705,"улица Софьи Перовской, Зелёная Роща, Кировский район, Уфа, городской округ Уфа, Башкортостан, Приволжский федеральный округ, 450000, Россия"
x5YyYuwn,55.98732,54.741197,-0.650698057152551,"ЦТиР ""Мир"", 4/1, проспект Октября, Зелёная Роща, Советский район, Уфа, городской округ Уфа, Башкортостан, Приволжский федеральный округ, 450000, Россия"
jg4KN4rk,92.886411,55.98669200000001,0.3001440754291901,"14Г, улица Александра Матросова, Свердловский район, Красноярск, городской округ Красноярск, Красноярский край, Сибирский федеральный округ, 660016, Россия"
FKpC96cF,37.866307,55.743527,-0.6939181540880848,"35/5, Новокосинская улица, район Новокосино, Москва, Центральный федеральный округ, 111672, Восточный административный округ"
XgLZQs6q,37.760289,55.67453,-0.26171718473274785,"41, Совхозная улица, район Люблино, Москва, Юго-Восточный административный округ, Москва, Центральный федеральный округ, 101 000, Россия"
o4icTq9v,60.600816,56.904251,-0.6939181540880848,"50, улица Восстания, Квартал Новаторов, Уралмаш, Орджоникидзевский район, Екатеринбург, городской округ Екатеринбург, Свердловская область, Уральский федеральный округ, 620098, Россия"
JPx1PvlT,37.799084,55.809132,0.4730244631713249,"70 к1, 9-я Парковая улица, Черницыно, район Северное Измайлово, Москва, Центральный федеральный округ, 107421, Восточный административный округ"
8X4xMkKc,37.508122,55.743649,0.34336417236472383,"Декатлон, 5, Багратионовский проезд, Поклонная гора, Фили, Москва, Западный административный округ, Москва, Центральный федеральный округ, 121087, Россия"
GSLqcJM1,37.4297,55.65875,0.8187852386555944,"Лента, с20, МКАД, 47-й километр, Тропарёво-Никулино, Москва, Западный административный округ, Москва, Центральный федеральный округ, 108811, Россия"
YTZfRTZJ,37.623825,55.761544,0.8187852386555944,"6/9/20 с1, улица Рождественка, 6, Мещанский район, Москва, Центральный административный округ, Москва, Центральный федеральный округ, 109012, Россия"
9PoCNghL,37.633949,55.780203,0.17048378462258906,"Многофункциональный комплекс ""Gardenmir"", 40, проспект Мира, Мещанский район, Москва, Центральный административный округ, Москва, Центральный федеральный округ, 129090, Россия"
i8jX5UZv,30.474390000000003,59.94595,-0.650698057152551,"ТРЦ «Июнь», 24, Индустриальный проспект, округ Пороховые, Санкт-Петербург, Красногвардейский район, Санкт-Петербург, Северо-Западный федеральный округ, 195279, Россия"
Fl0Opd5w,30.326729,59.934583,0.17048378462258906,"18-20, набережная канала Грибоедова, Апраксин двор, округ № 78, Центральный район, Санкт-Петербург, Северо-Западный федеральный округ, 190000, Россия"
1qYX1KZb,39.710018,47.220297,-1.0396789295723543,"52-56, Большая Садовая улица, Ленинский район, Ростов-на-Дону, городской округ Ростов-на-Дону, Ростовская область, Южный федеральный округ, 344008, Россия"
w6RCwQrC,37.571561,55.503838,-0.52103776634595,"Перекрёсток, 8, Симферопольское шоссе, Южный квартал, Барыши, городской округ Щербинка, Москва, Центральный федеральный округ, 114178, Новомосковский административный округ"
9IcvdlDF,56.131626,54.784094,-1.4286598019921577,"9 к1, улица Ферина, Инорс, Калининский район, Уфа, городской округ Уфа, Башкортостан, Приволжский федеральный округ, 450000, Россия"
d8JVU4L3,37.360169,55.847572,-0.7803583479591522,"Торговый центр ""Митино"", 40, Митинская улица, район Митино, Москва, Центральный федеральный округ, 123430, Северо-Западный административный округ"
pmpDwkBu,60.64901999999999,56.788549,-1.3422196081210902,"ТРК «Глобус», 4, улица Щербакова, Шишимская Горка, Уктус, Чкаловский район, Екатеринбург, городской округ Екатеринбург, Свердловская область, Уральский федеральный округ, 620076, Россия"
UfEj63Mg,37.544665,55.86375200000001,0.6459048509134596,"Торгово-развлекательный центр «XL», 89, Дмитровское шоссе, Бескудниковский район, Москва, Северный административный округ, Москва, Центральный федеральный округ, 127562, Россия"
HtEs9cWZ,37.622612,55.72933100000001,1.164546014139864,"1, улица Коровий Вал, район Замоскворечье, Москва, Центральный административный округ, Москва, Центральный федеральный округ, 119049, Россия"
IlEraymJ,37.675098,55.710535,-0.30493728166828155,"Мозаика, 9, 7-я Кожуховская улица, Кожухово, Москва, Юго-Восточный административный округ, Москва, Центральный федеральный округ, 115193, Россия"
LyuFHuZx,30.384063,59.924416,-1.0396789295723543,"184, Невский проспект, округ Смольнинское, Центральный район, Санкт-Петербург, Северо-Западный федеральный округ, 190000, Россия"
HAqT6xQb,37.719899,55.612726,3.152670473174413,"Галерея Водолей, 15, Ореховый бульвар, Орехово-Борисово, район Орехово-Борисово Южное, Москва, Южный административный округ, Москва, Центральный федеральный округ, 115563, Россия"
2EADrSl6,37.622022,55.684432,2.2018283405926726,"26, Варшавское шоссе, Нагорный, Нагорный район, Южный административный округ, Москва, Центральный федеральный округ, 117105, Россия"
6GDLLbCh,37.759126,55.63894499999999,-0.650698057152551,"Торгово-развлекательный центр ""Браво"", 26 к2, улица Борисовские Пруды, Братеево, Москва, Южный административный округ, Москва, Центральный федеральный округ, 115612, Россия"
H1tR9t1s,50.2633,53.22044399999999,0.12726368768705534,"Вива Лэнд, 147, проспект Кирова, пос. Восточный, Промышленный район, Самара, городской округ Самара, Самарская область, Приволжский федеральный округ, 443028, Россия"
h6qIFhXA,93.010041,56.020784,0.9052254325266618,"Мега, 27 с78, проспект им. газеты Красноярский Рабочий, Каменный квартал, Ленинский район, Красноярск, городской округ Красноярск, Красноярский край, Сибирский федеральный округ, 660004, Россия"
zrqrRf0q,55.986665,54.718073,-0.650698057152551,"25, Бакалинская улица, Зелёная Роща, Советский район, Уфа, городской округ Уфа, Башкортостан, Приволжский федеральный округ, 450022, Россия"
p4OinUCs,39.690907,47.218739,-0.9532387357012868,"Главный вокзал, 1/2, Привокзальная площадь, Железнодорожный район, Ростов-на-Дону, городской округ Ростов-на-Дону, Ростовская область, Южный федеральный округ, 344082, Россия"
ZEvDCFD6,37.56367,55.74434,0.9484455294621956,"2, Брянская улица, 537, район Дорогомилово, Москва, Западный административный округ, Москва, Центральный федеральный округ, 121059, Россия"
HtGYnJHb,44.042485,56.296299,-0.34815737860381524,"ТЦ «Жар-Птица», 5, Советская площадь, Советский район, Нижний Новгород, городской округ Нижний Новгород, Нижегородская область, Приволжский федеральный округ, 603122, Россия"
8Kw8gqVd,30.359883,59.930514,2.417928825270341,"43-45, Лиговский проспект, Владимирский округ, Центральный район, Санкт-Петербург, Северо-Западный федеральный округ, 191040, Россия"
8xLLfRSF,43.88397,56.33959,-0.7803583479591522,"Лента, 11, улица Коминтерна, Сормовский район, Нижний Новгород, городской округ Нижний Новгород, Нижегородская область, Приволжский федеральный округ, 603157, Россия"
HmjxRHVs,60.62619399999999,56.79685500000001,-0.3913774755393489,"ТЦ Дирижабль, 17, улица Академика Шварца, Созвездие, Ботанический, Чкаловский район, Екатеринбург, городской округ Екатеринбург, Свердловская область, Уральский федеральный округ, 620073, Россия"
mn6nMLpV,56.03576999999999,54.757094,-0.7371382510236184,"ТРЦ Планета, 20, улица Энтузиастов, Новостройка, Октябрьский район, Уфа, городской округ Уфа, Башкортостан, Приволжский федеральный округ, 450000, Россия"
I24gbq5p,43.947623,56.320338,0.17048378462258906,"Respect, 9, площадь Революции, Канавинский район, Нижний Новгород, городской округ Нижний Новгород, Нижегородская область, Приволжский федеральный округ, 603002, Россия"
MJFHjv6Q,49.019816,55.867687,0.17048378462258906,"242, Беломорская улица, Жилплощадка, Московский район, Казань, городской округ Казань, Татарстан, Приволжский федеральный округ, 420085, Россия"
ySZshzYS,55.999586,54.749739,0.9484455294621956,"Семья, 34, проспект Октября, Новостройка, Советский район, Уфа, городской округ Уфа, Башкортостан, Приволжский федеральный округ, 450000, Россия"
tLuy6W1t,37.591484,55.707394,1.2509862080109313,"ТРЦ «Гагаринский», 3, улица Вавилова, Донской, Донской район, Южный административный округ, Москва, Центральный федеральный округ, 117449, Россия"
HuP6vu8Y,43.877078,56.261653,0.602684753977926,"Новый Век, 11А, улица Дьяконова, Автозаводский район, Нижний Новгород, городской округ Нижний Новгород, Нижегородская область, Приволжский федеральный округ, 603095, Россия"
4PiWRiJr,30.193401,59.852886,-0.650698057152551,"21 литА, улица Маршала Захарова, Южно-Приморский округ, Санкт-Петербург, Северо-Западный федеральный округ, 190000, Красносельский район"
m41j6rrW,56.01000300000001,54.759041,-0.26171718473274785,"66, проспект Октября, Новостройка, Советский район, Уфа, городской округ Уфа, Башкортостан, Приволжский федеральный округ, 450000, Россия"
5z5VpTGn,92.881905,56.03873299999999,-0.8235784448946858,"ПОКРОВSKY, 12, улица Дмитрия Мартынова, Покровка, Центральный район, Красноярск, городской округ Красноярск, Красноярский край, Сибирский федеральный округ, 660043, Россия"
DkEbcUGo,82.896401,55.03583,0.5162445601068586,"43, улица Дмитрия Шамшурина, Железнодорожный район, Новосибирск, городской округ Новосибирск, Новосибирская область, Сибирский федеральный округ, 630000, Россия"
OrzylnCV,30.319964,59.86660799999999,-1.0396789295723543,"165, Московский проспект, округ Пулковский меридиан, Московский район, Санкт-Петербург, Северо-Западный федеральный округ, 190000, Россия"
PxLPVy6I,37.572989,55.56719399999999,1.1213259172043302,"10, бульвар Дмитрия Донского, Жилой комплекс «Синяя Птица», район Северное Бутово, Москва, Центральный федеральный округ, 117628, Юго-Западный административный округ"
fP7JB9Qs,92.877984,56.01143,-0.9100186387657532,"48, улица Карла Маркса, Центральный район, Красноярск, городской округ Красноярск, Красноярский край, Сибирский федеральный округ, 660049, Россия"
LjxEMUOO,37.541447,55.65596600000001,-0.9532387357012868,"Торговый центр ""Калужский"", 61А, Профсоюзная улица, район Черёмушки, Москва, Центральный федеральный округ, 119630, Юго-Западный административный округ"
nJTccp1w,37.514509,55.744566000000006,-0.13205689392614678,"3 с5, Промышленный проезд, Поклонная гора, Фили, Москва, Западный административный округ, Москва, Центральный федеральный округ, 121087, Россия"
bNDUKJPE,37.60593,55.622604,0.25692397849365645,"Торгово-развлекательный комплекс ""Глобал Сити"", 14, Кировоградская улица, район Чертаново Центральное, Москва, Южный административный округ, Москва, Центральный федеральный округ, 113587, Россия"
HGHbCtK4,37.564184,55.67841600000001,0.7107349963167602,"19, Профсоюзная улица, Академический, Академический район, Москва, Центральный федеральный округ, 117997, Юго-Западный административный округ"
9smvi5GH,43.990535,56.314677,-0.650698057152551,"4/2, площадь Максима Горького, Кремль, Нижегородский район, Нижний Новгород, городской округ Нижний Новгород, Нижегородская область, Приволжский федеральный округ, 603000, Россия"
esn300Zl,30.470336,59.865059,-0.3913774755393489,"114 к1, проспект Обуховской Обороны, Обуховский округ, Невский район, Санкт-Петербург, Северо-Западный федеральный округ, 190000, Россия"
7f8oLjIM,37.74381,55.802292,0.6459048509134596,"Торговый центр ""Радуга"", 125, Большая Черкизовская улица, Черкизово, Москва, Центральный федеральный округ, 107553, Восточный административный округ"
ydC9L7Y0,83.09449599999998,54.840236,-1.1693392203789554,"Remontoff, улица Ильича, Верхняя зона, Советский район, Новосибирск, городской округ Новосибирск, Новосибирская область, Сибирский федеральный округ, 630090, Россия"
H8hoDXdE,83.002607,55.035543,1.4886967411563663,"Континент, 20, Гусинобродское шоссе, Дзержинский район, Новосибирск, городской округ Новосибирск, Новосибирская область, Сибирский федеральный округ, 630000, Россия"
b0sYQyFL,44.072992,56.2903,-0.17527699086168047,"11, Казанское шоссе, Верхние Печёры, Нижегородский район, Нижний Новгород, городской округ Нижний Новгород, Нижегородская область, Приволжский федеральный округ, 603087, Россия"
v6Oi0Qqv,30.377473,59.829918000000006,0.4730244631713249,"ТК Балканский-5, 5 литВ, Балканская площадь, Балканский округ, Фрунзенский район, Санкт-Петербург, Северо-Западный федеральный округ, 190000, Россия"
JdwLeH2P,30.410802,59.928986,-0.9532387357012868,"Санкт-Петербург 195112, Заневский проспект, Малая Охта, округ Малая Охта, Санкт-Петербург, Красногвардейский район, Санкт-Петербург, Северо-Западный федеральный округ, 190000, Россия"
2nZ3pCKA,37.595555,55.64750400000001,-0.30493728166828155,"Торговый центр ""Азовский"", 24 к3, Азовская улица, район Зюзино, Москва, Центральный федеральный округ, 117452, Юго-Западный административный округ"
vWhC4eBL,43.853857,56.22205500000001,-0.6939181540880848,"Крымъ, 2Г, Южное шоссе, Автозаводский район, Нижний Новгород, городской округ Нижний Новгород, Нижегородская область, Приволжский федеральный округ, 603147, Россия"
8KhPM0ol,30.234364000000006,59.949177,-1.2557794142500227,"68, Железноводская улица, округ Остров Декабристов, Василеостровский район, Санкт-Петербург, Северо-Западный федеральный округ, 190000, Россия"
Im4dPNQA,30.318236,59.81987,-0.9532387357012868,"Лето, 25 к1, Пулковское шоссе, округ Пулковский меридиан, Московский район, Санкт-Петербург, Северо-Западный федеральный округ, 190000, Россия"
59rpwZBk,92.8844,56.0343,-1.2557794142500227,"Зеленый, улица Мужества, Покровка, Центральный район, Красноярск, городской округ Красноярск, Красноярский край, Сибирский федеральный округ, 660000, Россия"
xyfgfTqy,50.218369,53.346634,1.683187177366268,"посёлок Управленческий, Управленческий городок, Управленческий, Красноглинский район, Самара, городской округ Самара, Самарская область, Приволжский федеральный округ, 443028, Россия"
9hCdPw1R,39.61052100000001,47.23059600000001,-0.30493728166828155,"Золотой Вавилон, 25, улица Малиновского, Нефтекачка, Советский район, Ростов-на-Дону, городской округ Ростов-на-Дону, Ростовская область, Южный федеральный округ, 344000, Россия"
rWEmMwxi,30.439315,59.932347,-0.4778176694104163,"69, Заневский проспект, Яблоновка, округ Малая Охта, Санкт-Петербург, Красногвардейский район, Санкт-Петербург, Северо-Западный федеральный округ, 195213, Россия"
aYLir9h9,37.534028,55.693307,-0.7371382510236184,"Универ Сити, 1, площадь Джавахарлала Неру, Ленинские горы, район Раменки, Москва, Западный административный округ, Москва, Центральный федеральный округ, 119311, Россия"
KqXLlOgG,50.286374,53.29932,0.08404359075152168,"43, 2-й квартал, Мехзавод, Красноглинский район, Самара, городской округ Самара, Самарская область, Приволжский федеральный округ, 443028, Россия"
4sRLEOxj,37.606606,55.763435,-0.0456167000550794,"17, Тверская улица, 50, Тверской район, Москва, Центральный административный округ, Москва, Центральный федеральный округ, 125009, Россия"
xNX8I5kF,43.868347,56.350323,1.5103067896241336,"Сормовские зори, 117, улица Коминтерна, Сормовский район, Нижний Новгород, городской округ Нижний Новгород, Нижегородская область, Приволжский федеральный округ, 603003, Россия"
PIdoZHEy,39.764188,47.242109,-0.34815737860381524,"Грот, проспект Шолохова, Первомайский район, Ростов-на-Дону, городской округ Ростов-на-Дону, Ростовская область, Южный федеральный округ, 344037, Россия"
yLT4AAE2,37.500057,55.697459,-0.5642578632814836,"Торговый центр ""Тиара"", 27, Мичуринский проспект, посёлок Матвеевское, район Раменки, Москва, Западный административный округ, Москва, Центральный федеральный округ, 119501, Россия"
FU4c6TNZ,43.85100900000001,56.250287,-0.7803583479591522,"9, улица Краснодонцев, Автозаводский район, Нижний Новгород, городской округ Нижний Новгород, Нижегородская область, Приволжский федеральный округ, 603101, Россия"
HWurGKxG,37.174811,55.982678,-0.8667985418302195,"Торговый центр ""Иридиум"", 1, Крюковская площадь, ЦИЭ, Зеленоград, Москва, Центральный федеральный округ, 124575, Россия"
YhUH0AzP,37.564275,55.48530600000001,-0.9964588326368206,"Перекрёсток, 20А с1, Симферопольское шоссе, Южный квартал, Барыши, городской округ Щербинка, поселение Воскресенское, Москва, Центральный федеральный округ, 142172, Новомосковский административный округ"
8WSj3Gk6,37.66496400000001,55.67758900000001,1.3374264018819988,"25А с2, проспект Андропова, Коломенка, район Нагатинский Затон, Южный административный округ, Москва, Центральный федеральный округ, 115487, Россия"
FMPuwbsj,49.080848,55.82885,-1.2989995111855563,"Московский рынок, улица Декабристов, Кизическая слобода, Ягодная слобода, Московский район, Казань, городской округ Казань, Татарстан, Приволжский федеральный округ, 4200800, Россия"
ULMcd4UD,37.609398,55.724074,-0.3265473301360484,"10 к1, улица Шаболовка, Донской, Донской район, Южный административный округ, Москва, Центральный федеральный округ, 115419, Россия"
t7pBweOS,82.912079,55.055885,-0.6939181540880848,"Роял Парк, 101, Красный проспект, Заельцовский район, Новосибирск, городской округ Новосибирск, Новосибирская область, Сибирский федеральный округ, 630105, Россия"
26faxJy5,30.330017,60.053615,-0.5642578632814836,"Мегафон, проспект Просвещения, 1-е Парголово, округ Шувалово-Озерки, Санкт-Петербург, Северо-Западный федеральный округ, 190000, Выборгский район"
OCFXnfRX,37.434961,55.862827,-0.0456167000550794,"Транспортно-пересадочный узел ""Планерная"", 7, Планерная улица, район Северное Тушино, Москва, Центральный федеральный округ, 125480, Северо-Западный административный округ"
WriLsZWE,50.191899,53.191447,0.8187852386555944,"107, улица Авроры, 5-й Поселок Киркомбината, Советский район, Самара, городской округ Самара, Самарская область, Приволжский федеральный округ, 443076, Россия"
Uv0PuoVB,37.539124,55.890487,0.4298043662357912,"4, Лобненская улица, Дмитровский, Москва, Северный административный округ, Москва, Центральный федеральный округ, 127411, Россия"
lvkMDIOb,39.628532,47.229281,0.08404359075152168,"ТРЦ Талер, 33, улица Зорге, ЗЖМ, Советский район, Ростов-на-Дону, городской округ Ростов-на-Дону, Ростовская область, Южный федеральный округ, 344000, Россия"
HdHd7sSJ,60.598984,56.829098,-0.9532387357012868,"Lego, 46, улица 8 Марта, Кольцо Екатерины, Автовокзал, Ленинский район, Екатеринбург, городской округ Екатеринбург, Свердловская область, Уральский федеральный округ, 620063, Россия"
5xgQDtpq,30.317177,59.925389,-0.3913774755393489,"ТК Адмиралтейский, 3А, Московский проспект, Сенной округ, Адмиралтейский район, Санкт-Петербург, Северо-Западный федеральный округ, 190031, Россия"
2TAJRlVf,30.323314,60.036664,0.34336417236472383,"Деньга, проспект Энгельса, округ Сосновское, Санкт-Петербург, Северо-Западный федеральный округ, 190000, Выборгский район"
GiIKvJL5,30.273976,59.900058,-0.17527699086168047,"проспект Стачек, Нарвский округ, Кировский район, Санкт-Петербург, Северо-Западный федеральный округ, 190000, Россия"
kMEH7s7T,30.354079,59.987141,-0.13205689392614678,"ТРК «Европолис», 84, Полюстровский проспект, Выборгская сторона, округ Сампсониевское, Санкт-Петербург, Северо-Западный федеральный округ, 195197, Выборгский район"
5e7r5h7s,55.93131500000001,54.674806,-0.21849708779721416,"Цветы Башкирии, Кировский район, Уфа, городской округ Уфа, Башкортостан, Приволжский федеральный округ, 450000, Россия"
VPAKzSyv,37.738382,55.62140400000001,-0.13205689392614678,"50 к1, Шипиловская улица, Борисово, Зябликово, район Зябликово, Южный административный округ, Москва, Центральный федеральный округ, 109387, Россия"
agEDsbB4,37.743187,55.650691,-0.52103776634595,"МегаФон, Люблинская улица, Борисово, район Марьино, Москва, Юго-Восточный административный округ, Москва, Центральный федеральный округ, 109369, Россия"
1MZSTvdD,37.626744,55.664763,-0.4778176694104163,"Гудзон, 12, Каширское шоссе, район Нагатино-Садовники, Москва, Южный административный округ, Москва, Центральный федеральный округ, 115230, Россия"
tJMGAXxW,37.478967,55.705202,-0.5858679117492506,"Торговый центр ""Тук-Тук"", 2, Матвеевская улица, посёлок Матвеевское, Матвеевское, Москва, Западный административный округ, Москва, Центральный федеральный округ, 119517, Россия"
YFVTWD12,37.79949600000001,55.809774,2.9797900854322785,"56/72, Щёлковское шоссе, микрорайон 1 Мая, Балашиха, городской округ Балашиха, Московская область, Центральный федеральный округ, 143904, Россия"
P6UqUJpJ,37.579044,55.569846,0.08404359075152168,"Торговый центр ""Круг"", 5А, Старокачаловская улица, Жилой комплекс «Синяя Птица», район Северное Бутово, Москва, Центральный федеральный округ, 117628, Юго-Западный административный округ"
sniqNObc,60.549152,56.853301,0.3001440754291901,"ТЦ Карнавал, 55, улица Халтурина, Правобережный, Заречный, Верх-Исетский район, Екатеринбург, городской округ Екатеринбург, Свердловская область, Уральский федеральный округ, 620034, Россия"
nfG8rj1F,50.140492,53.20338100000001,0.7755651417200607,"19В, улица Мичурина, Октябрьский район, Самара, городской округ Самара, Самарская область, Приволжский федеральный округ, 443013, Россия"
i56AVrYY,37.49945,55.82018100000001,1.1213259172043302,"1Б, площадь Ганецкого, посёлок Сокол, Войковский район, Москва, Северный административный округ, Москва, Центральный федеральный округ, 125171, Россия"
YV1fUOaw,37.588885,55.899252,-0.13205689392614678,"88, Алтуфьевское шоссе, Бибирево, Москва, Центральный федеральный округ, 127238, Северо-Восточный административный округ"
NS2HdU7x,37.566136,55.744381,1.164546014139864,"Торгово-развлекательный центр ""Европейский"", 2, площадь Киевского Вокзала, район Дорогомилово, Москва, Западный административный округ, Москва, Центральный федеральный округ, 121059, Россия"
fPqxIVRl,37.492471,55.603912,0.12726368768705534,"Мега Теплый Cтан, с1, Калужское шоссе (дублёр), район Ясенево, поселение Сосенское, Москва, Центральный федеральный округ, 142704, Юго-Западный административный округ"
nXLHbL6J,30.335177,60.058778,-0.3913774755393489,"Гранд Каньон, 154, Проспект Энгельса, округ Шувалово-Озерки, Санкт-Петербург, Северо-Западный федеральный округ, 194358, Выборгский район"
bwmFXfeI,92.813971,56.014036,-0.13205689392614678,"26/1, улица Ладо Кецховели, Николаевка, Железнодорожный район, Красноярск, городской округ Красноярск, Красноярский край, Сибирский федеральный округ, 660000, Россия"
P3zwA2PW,30.251162,59.84234100000001,-0.9532387357012868,"75, бульвар Новаторов, Дачное, округ Дачное, Санкт-Петербург, Северо-Западный федеральный округ, 190000, Россия"
NbjUjYPI,30.347252,59.92864,-0.21849708779721416,"SПБ, Владимирская площадь, Владимирский округ, Центральный район, Санкт-Петербург, Северо-Западный федеральный округ, 190000, Россия"
eLaYE4WM,82.890962,54.984,0.21370388155812275,"Версаль, 3, площадь Карла Маркса, Горский микрорайон, Ленинский район, Новосибирск, городской округ Новосибирск, Новосибирская область, Сибирский федеральный округ, 630078, Россия"
PPRBBVMW,30.205798,59.990782,-1.1693392203789554,"ТРЦ «Меркурий», 141, улица Савушкина, Северо-Приморская часть, округ № 65, Санкт-Петербург, Северо-Западный федеральный округ, 190000, Россия"
DSJ1FKTg,37.486238,55.839484,-0.002396603119545705,"3 с1, Кронштадтский бульвар, Войковский район, Головинский район, Северный административный округ, Москва, Центральный федеральный округ, 125212, Россия"
zq24zBHA,82.899443,55.03455400000001,0.12726368768705534,"2, Вокзальная магистраль, Железнодорожный район, Новосибирск, городской округ Новосибирск, Новосибирская область, Сибирский федеральный округ, 630000, Россия"
ojoSTUzr,37.552933,55.89761,-0.26171718473274785,"Проездные билеты, Лианозовский проезд, Лианозово, Москва, Центральный федеральный округ, 127253, Северо-Восточный административный округ"
nIzdgNPW,30.323306,59.929001,-0.0456167000550794,"32/1, Садовая улица, Апраксин двор, округ № 78, Центральный район, Санкт-Петербург, Северо-Западный федеральный округ, 190000, Россия"
k9vFUEKA,37.636654,55.754287,0.3865842693002575,"3, Солянский проезд, 11, Подкопаево, Москва, Центральный административный округ, Москва, Центральный федеральный округ, 101000, Россия"
avEOHzEY,30.42787,59.721488,0.12726368768705534,"2, Привокзальная площадь, Новая Деревня, Пушкин, Санкт-Петербург, Северо-Западный федеральный округ, 190000, Пушкинский район"
plCkOHbN,37.199926,56.008615,-0.9100186387657532,"ТРЦ Панфиловский, 6А, Панфиловский проспект, Матушкино, Зеленоград, Москва, Центральный федеральный округ, 103489, Россия"
7KGXXWOd,50.248918,53.24535600000001,0.25692397849365645,"96, Ташкентская улица, Яблонька, Кировский район, Самара, городской округ Самара, Самарская область, Приволжский федеральный округ, 443028, Россия"
wlzvYVvr,60.545255,56.830029,-0.0456167000550794,"69, улица Крауля, Правобережный, ВИЗ, Верх-Исетский район, Екатеринбург, городской округ Екатеринбург, Свердловская область, Уральский федеральный округ, 620131, Россия"
34hHszrj,37.529347,55.790882,3.152670473174413,"Торгово-развлекательный центр «Авиапарк», 4, Ходынский бульвар, Ходынское поле, Москва, Северный административный округ, Москва, Центральный федеральный округ, 125252, Россия"
7hMTdDGt,37.469313,55.66425699999999,-0.6074779602170174,"5, улица Покрышкина, Тропарёво-Никулино, Москва, Западный административный округ, Москва, Центральный федеральный округ, 119602, Россия"
6baGVy1n,49.109605,55.786663,0.34336417236472383,"48, Московская улица, Старо-Татарская слобода, Вахитовский район, Казань, городской округ Казань, Татарстан, Приволжский федеральный округ, 420021, Россия"
7NWLRjS9,43.856974,56.259358,-0.08883679699061309,"Перекрёсток, 3А, улица Плотникова, Соцгород II, Автозаводский район, Нижний Новгород, городской округ Нижний Новгород, Нижегородская область, Приволжский федеральный округ, 603138, Россия"
IdMzYW0W,29.76554,59.99772,0.9484455294621956,"13, проспект Ленина, Кронштадт, Кронштадтский район, Санкт-Петербург, Северо-Западный федеральный округ, 197760, Россия"
AODBmARj,37.660853,55.887902,-0.0456167000550794,"11А, Широкая улица, район Северное Медведково, Москва, Центральный федеральный округ, 127224, Северо-Восточный административный округ"
lFH5jSIm,39.830557,47.238839,1.7480173227695688,"310, проспект 40-летия Победы, Кирилловский, Александровка, Пролетарский район, Ростов-на-Дону, городской округ Ростов-на-Дону, Ростовская область, Южный федеральный округ, 344072, Россия"
HQWajdou,82.925985,55.014685,-0.26171718473274785,"МЕГАС, 2/1, Красный проспект, Центральный район, Новосибирск, городской округ Новосибирск, Новосибирская область, Сибирский федеральный округ, 630000, Россия"
vjPO8Pi1,37.49365,55.792989,-0.7371382510236184,"Торговый центр ""Дарья"", 46 к1, улица Народного Ополчения, посёлок Сокол, Октябрьское поле, Москва, Центральный федеральный округ, 123060, Северо-Западный административный округ"
Wf730kFc,49.081689,55.828543,-0.34815737860381524,"Московский рынок, улица Декабристов, Кизическая слобода, Ягодная слобода, Московский район, Казань, городской округ Казань, Татарстан, Приволжский федеральный округ, 4200800, Россия"
2kUlAO0h,30.582934,59.740388,-1.0396789295723543,"ТРК Меркурий, 36, Пролетарская улица, Простоквашино, Колпино, Колпинский район, Санкт-Петербург, Северо-Западный федеральный округ, 190000, Россия"
mU5wwKjd,39.765401,47.254866,-1.1693392203789554,"11А, проспект Сельмаш, Сельмаш, Первомайский район, Ростов-на-Дону, городской округ Ростов-на-Дону, Ростовская область, Южный федеральный округ, 344029, Россия"
te8dMz6Z,37.51644,55.77838000000001,2.007337904382771,"1, улица Куусинена, Хорошёвский район, Москва, Северный административный округ, Москва, Центральный федеральный округ, 125493, Россия"
F9XOYlnb,49.212676,55.780841,-0.8235784448946858,"Мега, 141, проспект Победы, Азино-1, Советский район, Казань, городской округ Казань, Татарстан, Приволжский федеральный округ, 420100, Россия"
gTgKPP27,37.621543,55.754674,-0.9100186387657532,"Московский Кремль и Красная Площадь, Боровицкая улица, 39, Тверской район, Москва, Центральный административный округ, Москва, Центральный федеральный округ, 121019, Россия"
ZyyHiNqb,30.3984,59.828011,-0.8235784448946858,"32 к1 литЗ, Купчинская улица, Балканский округ, Фрунзенский район, Санкт-Петербург, Северо-Западный федеральный округ, 190000, Россия"
1TMXBgUM,37.606331,55.611795,1.985727855915004,"13А, Кировоградская улица, район Чертаново Центральное, Москва, Южный административный округ, Москва, Центральный федеральный округ, 117519, Россия"
uZS0s98V,60.519689,56.79343000000001,1.164546014139864,"133, улица Краснолесья, 4-й квартал, Коллективный сад ""Запад"", Верх-Исетский район, Екатеринбург, городской округ Екатеринбург, Свердловская область, Уральский федеральный округ, 620105, Россия"
Hng1ty3A,37.734468,55.709798,0.7755651417200607,"59, Волгоградский проспект, район Текстильщики, Москва, Юго-Восточный административный округ, Москва, Центральный федеральный округ, 109125, Россия"
QaQP4R7f,37.602885,55.596335,-0.30493728166828155,"Торговый центр ""Меримис"", 135Б, Варшавское шоссе, район Чертаново Южное, Москва, Южный административный округ, Москва, Центральный федеральный округ, 117534, Россия"
AGA0LBwJ,37.621947,55.684503,0.06243354228375483,"26, Варшавское шоссе, Нагорный, Нагорный район, Южный административный округ, Москва, Центральный федеральный округ, 117105, Россия"
gQlNWXf4,30.446878,59.912914,-0.52103776634595,"Samsung, 3, улица Коллонтай, Клочки, Невский округ, Невский район, Санкт-Петербург, Северо-Западный федеральный округ, 190000, Россия"
e6KI8WVh,37.664147,55.731865,0.25692397849365645,"18, 3-й Крутицкий переулок, Таганский район, Москва, Центральный административный округ, Москва, Центральный федеральный округ, 109044, Россия"
AvrNG4Gf,49.184999,55.805235,-0.6074779602170174,"8, Сибирский тракт, Октябрьский городок, Царицыно, Советский район, Казань, городской округ Казань, Татарстан, Приволжский федеральный округ, 420029, Россия"
fmo3uo10,43.86499600000001,56.243009,-0.30493728166828155,"Автозаводский универмаг, 2А, проспект Октября, Автозаводский район, Нижний Новгород, городской округ Нижний Новгород, Нижегородская область, Приволжский федеральный округ, 603004, Россия"
6zswhGTw,83.11036899999998,54.966571,-0.7803583479591522,"100, Первомайская улица, Матвеевка, Первомайский район, Новосибирск, городской округ Новосибирск, Новосибирская область, Сибирский федеральный округ, 630080, Россия"
H8wtfc6G,37.508715,55.616981,0.12726368768705534,"Торговые ряды, 2 с2, Новоясеневский проспект, район Ясенево, Москва, Центральный федеральный округ, 117574, Юго-Западный административный округ"
oeiKBQIm,49.185044,55.76481999999999,-0.9100186387657532,"Еврочехол, 11Б, улица Рихарда Зорге, Танкодром, Дальний, Советский район, Казань, городской округ Казань, Татарстан, Приволжский федеральный округ, 420087, Россия"
Eqhbo1u6,37.527942,55.69219399999999,-0.17527699086168047,"Торговый центр ""Капитолий"", 6, проспект Вернадского, Ленинские горы, район Раменки, Москва, Западный административный округ, Москва, Центральный федеральный округ, 119311, Россия"
VXCpXVtO,37.732826,55.814578,-0.9964588326368206,"5 к11, Открытое шоссе, Черкизово, район Богородское, Москва, Центральный федеральный округ, 107370, Восточный административный округ"
ruh50nWT,37.543237,55.547036,-0.30493728166828155,"Виктория, 2, улица Адмирала Лазарева, Гавриково, Москва, Центральный федеральный округ, 117041, Юго-Западный административный округ"
fbHwWPwP,30.377937,59.82918000000001,-0.5858679117492506,"ТК Балканский-3, 5 литЯ, Балканская площадь, Балканский округ, Фрунзенский район, Санкт-Петербург, Северо-Западный федеральный округ, 190000, Россия"
DZnacIGm,37.63531,55.731212,0.17048378462258906,"2-4/44 с1, Валовая улица, Швивая горка, район Замоскворечье, Москва, Центральный административный округ, Москва, Центральный федеральный округ, 115054, Россия"
f9UjG9j3,37.603822,55.865025,-0.21849708779721416,"15Б, улица Декабристов, район Отрадное, Москва, Центральный федеральный округ, 127566, Северо-Восточный административный округ"
QapR03Z6,30.247469,59.843173,-0.7803583479591522,"36 к2, проспект Ветеранов, Дачное, округ Дачное, Санкт-Петербург, Северо-Западный федеральный округ, 190000, Россия"
6HXoX1HZ,92.949832,56.04668,-0.9532387357012868,"53, проспект Металлургов, остров Татышев, Советский район, Красноярск, городской округ Красноярск, Красноярский край, Сибирский федеральный округ, 660133, Россия"
f2EweR1h,50.188938,53.19136999999999,0.3865842693002575,"ТЦ ""Аврора"", 47А, Аэродромная улица, Толевый, Железнодорожный район, Самара, городской округ Самара, Самарская область, Приволжский федеральный округ, 443070, Россия"
bXtjCW9X,82.96786,55.05232700000001,-0.3913774755393489,"18А, проспект Дзержинского, Дзержинский район, Новосибирск, городской округ Новосибирск, Новосибирская область, Сибирский федеральный округ, 630000, Россия"
oWYaT4dK,30.320873,59.87869,0.04082349381598799,"168, Московский проспект, округ Московская застава, Московский район, Санкт-Петербург, Северо-Западный федеральный округ, 190000, Россия"
LLvbayjS,37.576367,55.819034,-0.002396603119545705,"Тимирязевская, Дмитровское шоссе, Тимирязевский район, Москва, Северный административный округ, Москва, Центральный федеральный округ, 127343, Россия"
zYEPdy6c,82.97831,55.037668,-0.26171718473274785,"248/1, улица Бориса Богаткова, Дзержинский район, Новосибирск, городской округ Новосибирск, Новосибирская область, Сибирский федеральный округ, 630000, Россия"
3VbIMBNL,37.75197,55.758819,0.34336417236472383,"31 с39, шоссе Энтузиастов, Перово, район Перово, Москва, Центральный федеральный округ, 105275, Восточный административный округ"
YQ7ziyzt,39.715453,47.282521,-0.4345975724748826,"11, проспект Космонавтов, СЖМ, Ворошиловский район, Ростов-на-Дону, городской округ Ростов-на-Дону, Ростовская область, Южный федеральный округ, ЦЕНТРАЛЬНЫЙ СЪЕЗД В ПАРК ДРУЖБЫ, Россия"
6FdFnHvc,56.034734,54.789618,0.12726368768705534,"121, проспект Октября, Глумилино, Орджоникидзевский район, Уфа, городской округ Уфа, Башкортостан, Приволжский федеральный округ, 450000, Россия"
q21AU0gF,37.818283,55.752683,0.9700555779299624,"Торговый центр ""Новогиреево"", 33А, Свободный проспект, Новогиреево, район Новогиреево, Москва, Центральный федеральный округ, 111558, Восточный административный округ"
msf1cbvr,37.749661,55.659647,0.17048378462258906,"Торговый центр ""Бум"", 43 к1, улица Перерва, район Марьино, Москва, Юго-Восточный административный округ, Москва, Центральный федеральный округ, 127566, Россия"
oEOiQlpv,49.21689,55.76954,0.602684753977926,"Южный, 91, проспект Победы, Азино-2, Советский район, Казань, городской округ Казань, Татарстан, Приволжский федеральный округ, 420140, Россия"
zaG5km8I,39.756131,47.282688,-0.0456167000550794,"105, Днепровский переулок, Первомайский район, Ростов-на-Дону, городской округ Ростов-на-Дону, Ростовская область, Южный федеральный округ, 344026, Россия"
mZTEZ4bf,50.158969,53.197251,-0.26171718473274785,"227, улица Тухачевского, Железнодорожный район, Самара, городской округ Самара, Самарская область, Приволжский федеральный округ, 443028, Россия"
6pVArqoM,29.777139,59.909612,-1.212559317314489,"36А, Александровская улица, Ломоносов, Санкт-Петербург, Северо-Западный федеральный округ, 198412, Петродворцовый район"
Y5ARpcKu,30.162239000000003,59.807008,-1.1693392203789554,"Лента, 159, Таллинское шоссе, Старо-Паново, округ Горелово, Санкт-Петербург, Северо-Западный федеральный округ, 190000, Красносельский район"
2SKYY79M,50.246331,53.212183,3.239110667045481,"92, улица Победы, Советский район, Самара, городской округ Самара, Самарская область, Приволжский федеральный округ, 443028, Россия"
zzmWckqN,30.314963,60.047136,-0.9532387357012868,"Лента, 11 литА, Выборгское шоссе, Озерки, округ Шувалово-Озерки, Санкт-Петербург, Северо-Западный федеральный округ, 194356, Россия"
ZfB8GmX1,50.188602,53.191244,0.17048378462258906,"ТЦ ""Аврора"", 47А, Аэродромная улица, Толевый, Железнодорожный район, Самара, городской округ Самара, Самарская область, Приволжский федеральный округ, 443070, Россия"
TvWyQA6I,37.590986,55.73622,1.985727855915004,"17 с1, Зубовский бульвар, 33, Плющиха, Москва, Центральный административный округ, Москва, Центральный федеральный округ, 119034, Россия"
wCIpiNOn,30.392071,59.858334,0.4730244631713249,"43/49, проспект Славы, округ Купчино, Фрунзенский район, Санкт-Петербург, Северо-Западный федеральный округ, 190000, Россия"
f0dnYtDK,56.083769,54.821122,-0.5642578632814836,"28, улица Победы, Черниковка, Орджоникидзевский район, Уфа, городской округ Уфа, Башкортостан, Приволжский федеральный округ, 450000, Россия"
WC4LMU6t,30.414226,59.95951899999999,-0.650698057152551,"ТЦ ""Орловский"", 8, шоссе Революции, Санкт-Петербург, округ Полюстрово, Красногвардейский район, Санкт-Петербург, Северо-Западный федеральный округ, 195176, Россия"
GVLixe1p,30.37021,59.883,-0.17527699086168047,"ТК ""Континент"", Бухарестская улица, округ Волковское, Фрунзенский район, Санкт-Петербург, Северо-Западный федеральный округ, 190000, Россия"
gy5R6Tzq,83.019867,55.00283,0.34336417236472383,"Мегафон, Выборная улица, Октябрьский район, Новосибирск, городской округ Новосибирск, Новосибирская область, Сибирский федеральный округ, 630000, Россия"
owoZjLcJ,37.629579,55.898768,-1.0396789295723543,"Час Пик, 8, МКАД, 87-й километр, Москва, Центральный федеральный округ, 127543, Северо-Восточный административный округ"
qsQAaylC,37.618947,55.73404,-0.3913774755393489,"30, улица Большая Полянка, 28, район Якиманка, Москва, Центральный административный округ, Москва, Центральный федеральный округ, 119017, Россия"
bWXM7Z4I,60.65333100000001,56.85661,-0.6939181540880848,"ТЦ Современник, 32, улица Блюхера, Уральский, Пионерский, Кировский район, Екатеринбург, городской округ Екатеринбург, Свердловская область, Уральский федеральный округ, 620137, Россия"
xLWXr3Lf,37.73102100000001,55.729833,0.9484455294621956,"Торговый центр ""Город"", 1-я очередь, 2 к2, Рязанский проспект, Рогожская слобода, Нижегородский район, Юго-Восточный административный округ, Москва, Центральный федеральный округ, 109052, Россия"
W9hpCveX,37.505948,55.675511,-0.4778176694104163,"Бизнес-центр Вернадский, 39, проспект Вернадского, Проспект Вернадского, район Проспект Вернадского, Западный административный округ, Москва, Центральный федеральный округ, 119415, Россия"
ewJhpiY9,37.590618,55.79368100000001,7.215359585114582,"1, улица Сущёвский Вал, район Марьина Роща, Москва, Центральный административный округ, Москва, Центральный федеральный округ, 103555, Северо-Восточный административный округ"
xsb5xUU4,60.537871,56.816863,-0.002396603119545705,"94, улица Репина, Флагман, ВИЗ, Верх-Исетский район, Екатеринбург, городской округ Екатеринбург, Свердловская область, Уральский федеральный округ, 620131, Россия"
YD1XoHg9,60.5324,56.86539200000001,-0.4778176694104163,"37, Техническая улица, Сортировка, Заречный, Железнодорожный район, Екатеринбург, городской округ Екатеринбург, Свердловская область, Уральский федеральный округ, 620050, Россия"
fI0HvX5p,50.225666,53.25928100000001,0.3001440754291901,"95, улица Георгия Димитрова, Приволжский мкрн., Яблонька, Промышленный район, Самара, городской округ Самара, Самарская область, Приволжский федеральный округ, 443122, Россия"
YmlaZQRx,37.531968,55.801912,1.7696273712373356,"Галерея Аэропорт, 62А, Ленинградский проспект, район Аэропорт, Москва, Северный административный округ, Москва, Центральный федеральный округ, 125190, Россия"
CxcTgNjn,37.660183,55.75524,0.5594646570423922,"4/6 с4, Верхний Сусальный переулок, Ивановская горка, Басманный район, Москва, Центральный административный округ, Москва, Центральный федеральный округ, 105120, Россия"
3HhvDYQp,30.268333,59.850762,-0.30493728166828155,"Французский Бульвар, 11 к2, бульвар Новаторов, округ Княжево, Санкт-Петербург, Северо-Западный федеральный округ, 190000, Россия"
ne5FR9fF,37.681473,55.717847,0.9484455294621956,"Дубровка, Шарикоподшипниковская улица, Южнопортовый район, Москва, Юго-Восточный административный округ, Москва, Центральный федеральный округ, 115088, Россия"
psQh5f3D,30.260932,59.867776,-0.3913774755393489,"90, проспект Стачек, Автово, Кировский район, Санкт-Петербург, округ Автово, Санкт-Петербург, Северо-Западный федеральный округ, 190000, Россия"
nkt1PhrL,37.477381,55.85578,0.04082349381598799,"Торговый центр ""У Речного"", 13 к1, Фестивальная улица, район Левобережный, Москва, Северный административный округ, Москва, Центральный федеральный округ, 125565, Россия"
akTbRDfA,30.355126,59.921134,-0.26171718473274785,"Транспортный переулок, округ Лиговка-Ямская, Центральный район, Санкт-Петербург, Северо-Западный федеральный округ, 190000, Россия"
tLinWS5n,30.391599,59.833301,-0.9100186387657532,"ТК ""Южный"", Купчинская улица, Балканский округ, Фрунзенский район, Санкт-Петербург, Северо-Западный федеральный округ, 190000, Россия"
wG77qDMd,30.204863,59.83404,-0.26171718473274785,"ТК Ульянка, 101, проспект Ветеранов, Ульянка, округ Ульянка, Санкт-Петербург, Северо-Западный федеральный округ, 190000, Россия"
JX7XV6mD,37.743868,55.613216,-0.7803583479591522,"Торговый комплекс ""Зябликово"", Ясеневая улица, Краснуха, Москва, Южный административный округ, Москва, Центральный федеральный округ, 115597, Россия"
jf7hZLjk,60.554713,56.869249,-0.6074779602170174,"7А, улица Пехотинцев, Заречный, Железнодорожный район, Екатеринбург, городской округ Екатеринбург, Свердловская область, Уральский федеральный округ, 620141, Россия"
6B6HHnCd,50.121798,53.187213,0.04082349381598799,"3, Спортивная улица, Шмидта, Железнодорожный район, Самара, городской округ Самара, Самарская область, Приволжский федеральный округ, 443030, Россия"
PUp3EyzF,37.664267,55.870102,-0.26171718473274785,"Городская театральная касса, Енисейская улица, Бабушкинский район, Москва, Центральный федеральный округ, 129281, Северо-Восточный административный округ"
PJ5m7cqh,82.976488,55.056951,1.985727855915004,"61, проспект Дзержинского, Дзержинский район, Новосибирск, городской округ Новосибирск, Новосибирская область, Сибирский федеральный округ, 630000, Россия"
YdPYoxfU,30.362055,59.931738,-0.7803583479591522,"Октябрьская, 10/118, Лиговский проспект, округ Смольнинское, Центральный район, Санкт-Петербург, Северо-Западный федеральный округ, 190000, Россия"
AA8hN7bJ,37.628765,55.740664,0.21370388155812275,"31 с3, Пятницкая улица, 20-24, район Замоскворечье, Москва, Центральный административный округ, Москва, Центральный федеральный округ, 115035, Россия"
uNw6t6xk,37.586825,55.794233,-0.002396603119545705,"2/18, Бутырская улица, Бутырский район, Москва, Центральный федеральный округ, 127015, Северо-Восточный административный округ"
Ap42ei8k,37.67879,55.77291,-0.9100186387657532,"33/2 с1, Бауманская улица, Бауманка, Москва, Центральный административный округ, Москва, Центральный федеральный округ, 105005, Россия"
rn9A8r62,37.75213,55.61964,-0.3265473301360484,"6, Кустанайская улица, Зябликово, район Зябликово, Южный административный округ, Москва, Центральный федеральный округ, 115682, Россия"
960M6jye,37.70577,55.78295,-1.234169365782256,"Торговый центр ""Март"", 17А, Большая Семёновская улица, Семёновское, район Соколиная Гора, Москва, Центральный федеральный округ, 105094, Восточный административный округ"
